316	Lesothosaurus	Dinosauria, Ornithischia, Lesothosaurus	diagnosticus	2	33543	2	4104	149
446	Orodromeus	Dinosauria, Ornithischia, Genasauria, Cerapoda, Ornithopoda, Euornithopoda, Orodromeus	makelai	6	42158	2	7972	914
284	Troodon	Dinosauria, Saurischia, Theropoda, Neotherapoda, Tetanurae, Avetherapoda, Coelurosauria, Tyrannoraptora, Maniraptoriformes, Maniraptora, Paraves, Eumaniraptoria, Troodontidae, Troodon	formosus	6	42158	1	6146	889
804	Coelophysis	Dinosauria, Saurischia, Theropoda, Neotherapoda, Ceratosauria, Coelophysoidea, Coelophysidae, Coelophysis	bauri	1	42158	1	3737	675
524	Deinonychus	Dinosauria, Saurischia, Theropoda, Neotherapoda, Tetanurae, Avetherapoda, Coelurosauria, Tyrannoraptora, Maniraptoriformes, Maniraptora, Paraves, Eumaniraptora, Dromaeosauridae, Deinonychus	antirrhopus	5	42158	1	9019	250
861	Dromaeosaurus	Dinosauria, Saurischia, Theropoda, Neotherapoda, Tetanurae, Avetherapoda, Coelurosauria, Tyrannoraptora, Maniraptoriformes, Maniraptora, Paraves, Eumaniraptora, Dromaeosauridae, Dromaeosaurus	albertensis	6	54091	1	8978	282
974	Hypsilophodon	Dinosauria, Ornithischia, Genasauria, Cerapoda, Ornithopoda, Euornithopoda, Hypsilophodontidae, Hypsilophodon	foxii	5	71175	2	4381	908
319	Psittacosaurus	Dinosauria, Ornithischia, Genasauria, Cerapoda, Marginocephalia, Ceratopsia, Psittacosauridae, Psittacosaurus	mongoliensis	5	93275	2	3989	203
420	Massospondylus	Dinosauria, Saurischia, Sauropodomorpha, Prosauropoda, Plateosauria, Plateosauridae, Massospondylus	carinatus	2	10736	4	2845	583
895	Caudipteryx	Dinosauria, Saurischia, Theropoda, Neotherapoda, Tetanurae, Avetherapoda, Coelurosauria, Tyrannoraptora, Maniraptoriformes, Maniraptora, Oviraptorosauria, Caudipterygidae, Caudipteryx	zoui	5	34707	4	3421	376
112	Eoraptor	Dinosauria, Saurischia, Theropoda, Eoraptor	lunensis	1	79087	1	5344	658
209	Gallimimus	Dinosauria, Saurischia, Theropoda, Neotherapoda, Tetanurae, Avetherapoda, Coelurosauria, Tyrannoraptora, Maniraptoriformes, Ornithomimosauria, Ornithomimidae, Gallimimus	bullatus	6	39135	4	4471	401
593	Cryolophosaurus	Dinosauria, Saurischia, Theropoda, Neotherapoda, Tetanurae, Avetherapoda, Carnosauria, Cryolophosaurus	elliotti	2	49031	1	4978	691
142	Dromiceiomimus	Dinosauria, Saurischia, Theropoda, Neotherapoda, Tetanurae, Avetherapoda, Coelurosauria, Tyrannoraptora, Maniraptoriformes, Ornithomimosauria, Ornithomimidae, Dromiceiomimus	brevitertius	6	29496	4	9892	104
844	Compsognathus	Dinosauria, Saurischia, Theropoda, Neotherapoda, Tetanurae, Avetherapoda, Coelurosauria, Compsognathidae, Compsognathus	longipes	4	33461	1	4560	819
324	Tenontosaurus	Dinosauria, Ornithischia, Genasauria, Cerapoda, Ornithopoda, Euornithopoda, Iguanadontia, Tenontosaurus	tillettorum	5	54091	2	7293	492
228	Protoceratops	Dinosauria, Ornithischia, Genasauria, Cerapoda, Marginocephalia, Ceratopsia, Neoceratopsia, Coronosauria, Protoceratops	andrewsi	6	12214	2	6850	532
248	Utahraptor	Dinosauria, Saurischia, Theropoda, Neotherapoda, Tetanurae, Avetherapoda, Coelurosauria, Tyrannoraptora, Maniraptoriformes, Maniraptora, Paraves, Eumaniraptora, Dromaeosauridae, Utahraptor	ostrommaysorum	5	42158	1	8470	940
293	Pachycephalosaurus	Dinosauria, Ornithischia, Genasauria, Cerapoda, Marginocephalia, Pachycephalosauria, Goyocephala, Homalocephaloidea, Pachycephalosauridae, Pachycephalosaurus	wyomingensis	6	54091	2	5067	564
705	Albertosaurus	Dinosauria, Saurischia, Theropoda, Neotherapoda, Tetanurae, Avetherapoda, Coelurosauria, Tyrannoraptora, Tyrannosauroidea, Tyrannosauridae, Albertosaurinae, Albertosaurus	libratus	6	29496	1	7819	809
174	Baryonyx	Dinosauria, Saurischia, Theropoda, Neotherapoda, Tetanurae, Spinosauroidea, Spinosauridae, Baryonychinae, Baryonyx	walkeri	5	71175	1	5990	852
405	Allosaurus	Dinosauria, Saurischia, Theropoda, Neotherapoda, Tetanurae, Avetherapoda, Carnosauria, Allosauroidea, Allosauridae, Allosaurus	fragilis	4	73551	1	1363	179
376	Tyrannosaurus	Dinosauria, Saurischia, Theropoda, Neotherapoda, Tetanurae, Avetherapoda, Coelurosauria, Tyrannoraptora, Tyrannosauroidea, Tyrannosauridae, Tyrannosaurinae, Tyrannosaurus	rex	6	54091	1	9576	612
752	Spinosaurus	Dinosauria, Saurischia, Theropoda, Neotherapoda, Tetanurae, Spinosauroidea, Spinosauridae, Spinosaurinae, Spinosaurus	aegyptiacus	6	85445	1	5152	123
885	Giganotosaurus	Dinosauria, Saurischia, Theropoda, Neotherapoda, Tetanurae, Avetherapoda, Carnosauria, Allosauroidea, Carcharodontosauridae, Giganotosaurus	carolinii	5	79087	1	6807	273
513	Camptosaurus	Dinosauria, Ornithischia, Genasauria, Cerapoda, Ornithopoda, Euornithopoda, Iguanadontia, Euiguanadontia, Dryomorpha, Ankylopollexia, Camptosaurus	dispar	4	64524	2	8933	440
585	Plateosaurus	Dinosauria, Saurischia, Sauropodomorpha, Prosauropoda, Plateosauria, Plateosauridae, Plateosaurus	engelhardti	1	70534	2	3261	700
302	Maiasaura	Dinosauria, Ornithischia, Genasauria, Cerapoda, Ornithopoda, Euornithopoda, Iguanadontia, Euiguanadontia, Dryomorpha, Ankylopollexia, Iguanodontoidea, Hadrosauridae, Euhadrosauria, Hadrosaurinae, Maiasaura	peeblesorum	6	42158	2	1177	248
864	Parasaurolophus	Dinosauria, Ornithischia, Genasauria, Cerapoda, Ornithopoda, Euornithopoda, Iguanadontia, Euiguanadontia, Dryomorpha, Ankylopollexia, Iguanodontoidea, Hadrosauridae, Euhadrosauria, Lambeosaurinae, Parasaurolophus	walkeri	6	54091	2	4201	222
736	Edmontosaurus	Dinosauria, Ornithischia, Genasauria, Cerapoda, Ornithopoda, Euornithopoda, Iguanadontia, Euiguanadontia, Dryomorpha, Ankylopollexia, Iguanodontoidea, Hadrosauridae, Euhadrosauria, Hadrosaurinae, Edmontosaurus	regalis	6	29496	2	9706	941
816	Chasmosaurus	Dinosauria, Ornithischia, Genasauria, Cerapoda, Marginocephalia, Ceratopsia, Neoceratopsia, Coronosauria, Ceratopsomorpha, Ceratopsidae, Chasmosaurinae, Chasmosaurus	belli	6	29496	2	1652	385
362	Centrosaurus	Dinosauria, Ornithischia, Genasauria, Cerapoda, Marginocephalia, Ceratopsia, Neoceratopsia, Coronosauria, Ceratopsomorpha, Ceratopsidae, Centrosaurinae, Centrosaurus	apertus	6	29496	2	1967	692
923	Euoplocephalus	Dinosauria, Ornithischia, Genasauria, Thyreophora, Ankylosauromorpha, Ankylosauria, Ankylosauridae, Euoplocephalus	tutus	6	54091	2	8619	701
588	Tuojiangosaurus	Dinosauria, Ornithischia, Genasauria, Thyreophora, Stegosauria, Stegosauridae, Stegosaurinae, Tuojiangosaurus	multispinus	4	34707	2	1827	645
353	Triceratops	Dinosauria, Ornithischia, Genasauria, Cerapoda, Marginocephalia, Ceratopsia, Neoceratopsia, Coronosauria, Ceratopsomorpha, Ceratopsidae, Chasmosaurinae, Triceratops	horridus	6	42158	2	3527	673
847	Camarasaurus	Dinosauria, Saurischia, Sauropodomorpha, Sauropoda, Eusauropoda, Neosauropoda, Macronaria, Camarasauromorpha, Camarasauridae, Camarasaurus	supremus	4	42158	2	8390	487
530	Argentinosaurus	Dinosauria, Saurischia, Sauropodomorpha, Sauropoda, Eusauropoda, Neosauropoda, Macronaria, Camarasauromorpha, Titanosauriformes, Titanosauria, Argentinosaurus	huinculensis	6	79087	2	9875	927
521	Microraptor	Dinosauria, Saurischia, Theropoda, Neotherapoda, Tetanurae, Avetherapoda, Coelurosauria, Tyrannoraptora, Maniraptoriformes, Maniraptora, Paraves, Eumaniraptora, Dromaeosauridae, Microraptor	zhaoianus	5	34707	5	7228	198
931	Velociraptor	Dinosauria, Saurischia, Theropoda, Neotherapoda, Tetanurae, Avetherapoda, Coelurosauria, Tyrannoraptora, Maniraptoriformes, Maniraptora, Paraves, Eumaniraptora, Dromaeosauridae, Velociraptor	mongoliensis	6	39135	1	3258	651
910	Oviraptor	Dinosauria, Saurischia, Theropoda, Neotherapoda, Tetanurae, Avetherapoda, Coelurosauria, Tyrannoraptora, Maniraptoriformes, Maniraptora, Oviraptorosauria, Caenagnathoidea, Oviraptoridae, Oviraptorinae, Oviraptor	philoceratops	6	39135	4	7242	666
851	Struthiomimus	Dinosauria, Saurischia, Theropoda, Neotherapoda, Tetanurae, Avetherapoda, Coelurosauria, Tyrannoraptora, Maniraptoriformes, Ornithomimosauria, Ornithomimidae, Struthiomimus	altus	6	29496	4	6022	445
675	Dilophosaurus	Dinosauria, Saurischia, Theropoda, Neotherapoda, Ceratosauria, Coelophysoidea, Dilophosaurus	wetherilli	2	42158	1	4485	901
932	Archaeopteryx	Dinosauria, Saurischia, Theropoda, Neotherapoda, Tetanurae, Avetherapoda, Coelurosauria, Tyrannoraptora, Maniraptoriformes, Maniraptora, Paraves, Eumaniraptoria, Avialae, Archaeopterygidae, Archaeopteryx	lithographica	4	58875	1	1693	285
418	Iguanodon	Dinosauria, Ornithischia, Genasauria, Cerapoda, Ornithopoda, Euornithopoda, Iguanadontia, Euiguanadontia, Dryomorpha, Ankylopollexia, Iguanodontoidea, Iguanodon	bernissartensis	5	39588	2	6154	797
604	Ankylosaurus	Dinosauria, Ornithischia, Genasauria, Thyreophora, Ankylosauromorpha, Ankylosauria, Ankylosauridae, Ankylosaurus	magniventris	6	54091	2	4824	875
981	Diplodocus	Dinosauria, Saurischia, Sauropodomorpha, Sauropoda, Eusauropoda, Neosauropoda, Diplodocoidea, Diplodocidae, Diplodocus	longus	4	42158	2	5388	351
295	Bugenasaura	Dinosauria, Ornithischia, Genasauria, Cerapoda, Ornithopoda, Euornithopoda, Bugenasaura	infernalis	6	42158	2		370
956	Dubreuillosaurus	Dinosauria, Saurischia, Theropoda, Neotherapoda, Tetanurae, Spinosauroidea, Megalosauridae, Eustreptospondylinae, Dubreuillosaurus	valesdunensis	4	83983	1		899
618	Eolambia	Dinosauria, Ornithischia, Genasauria, Cerapoda, Ornithopoda, Euornithopoda, Iguanadontia, Euiguanadontia, Dryomorpha, Ankylopollexia, Iguanodontoidea, Eolambia	caroljonesa	6	42158	2		968
341	Equijubus	Dinosauria, Ornithischia, Genasauria, Cerapoda, Ornithopoda, Euornithopoda, Iguanadontia, Euiguanadontia, Dryomorpha, Ankylopollexia, Iguanodontoidea, Equijubus	normani	5	34707	2		437
369	Graciliceratops	Dinosauria, Ornithischia, Genasauria, Cerapoda, Marginocephalia, Ceratopsia, Neoceratopsia, Graciliceratops	mongoliensis	6	39135	2		478
676	Isisaurus	Dinosauria, Saurischia, Sauropodomorpha, Sauropoda, Eusauropoda, Neosauropoda, Macronaria, Camarasauromorpha, Titanosauriformes, Titanosauria, Lithostrotia, Isisaurus	colberti	6	99260	2		877
382	Jinzhousaurus	Dinosauria, Ornithischia, Genasauria, Cerapoda, Ornithopoda, Euornithopoda, Iguanadontia, Euiguanadontia, Dryomorpha, Ankylopollexia, Iguanodontoidea, Jinzhousaurus	yangi	5	34707	2		758
432	Lamaceratops	Dinosauria, Ornithischia, Genasauria, Cerapoda, Marginocephalia, Ceratopsia, Neoceratopsia, Bagaceratopsidae, Lamaceratops	tereschenkoi	6	39135	2		779
819	Lapparentosaurus	Dinosauria, Saurischia, Sauropodomorpha, Sauropoda, Eusauropoda, Neosauropoda, Macronaria, Camarasauromorpha, Titanosauriformes, Lapparentosaurus	madagascariensis	3	47733	2		942
167	Liaoceratops	Dinosauria, Ornithischia, Genasauria, Cerapoda, Marginocephalia, Ceratopsia, Neoceratopsia, Liaoceratops	yanzigouensis	5	34707	2		997
554	Nipponosaurus	Dinosauria, Ornithischia, Genasauria, Cerapoda, Ornithopoda, Euornithopoda, Iguanadontia, Euiguanadontia, Dryomorpha, Ankylopollexia, Iguanodontoidea, Hadrosauridae, Euhadrosauria, Lambeosaurinae, Nipponosaurus	sachalinensis	6	17268	2		450
848	Platyceratops	Dinosauria, Ornithischia, Genasauria, Cerapoda, Marginocephalia, Ceratopsia, Neoceratopsia, Bagaceratopsidae, Platyceratops	tatarinovi	6	39135	2		549
987	Pleurocoelus	Dinosauria, Saurischia, Sauropodomorpha, Sauropoda, Eusauropoda, Neosauropoda, Macronaria, Camarasauromorpha, Titanosauriformes, Pleurocoelus	nanus	5	42158	2		353
663	Saltopus	Dinosauria, Saltopus, Saltopus	elginensis	1	13478	1		834
394	Shamosaurus	Dinosauria, Ornithischia, Genasauria, Thyreophora, Ankylosauromorpha, Ankylosauria, Ankylosauridae, Shamosaurus	scutatus	5	39135	2		890
872	Tanius	Dinosauria, Ornithischia, Genasauria, Cerapoda, Ornithopoda, Euornithopoda, Iguanadontia, Euiguanadontia, Dryomorpha, Ankylopollexia, Iguanodontoidea, Hadrosauridae, Tanius	sinensis	6	34707	2		557
502	Therizinosaurus	Dinosauria, Saurischia, Theropoda, Neotherapoda, Tetanurae, Avetherapoda, Coelurosauria, Tyrannoraptora, Maniraptoriformes, Maniraptora, Therizinosauroidea, Therizinosauridae, Therizinosaurus	cheloniformis	6	39135	5		789
252	Tsagantegia	Dinosauria, Ornithischia, Genasauria, Thyreophora, Ankylosauromorpha, Ankylosauria, Ankylosauridae, Tsagantegia	longicranialis	6	39135	2		325
239	Udanoceratops	Dinosauria, Ornithischia, Genasauria, Cerapoda, Marginocephalia, Ceratopsia, Neoceratopsia, Udanoceratops	tschizhovi	6	39135	2		778
966	Yingshanosaurus	Dinosauria, Ornithischia, Genasauria, Thyreophora, Stegosauria, Yingshanosaurus	jichuanensis	4	34707	2		780
396	Zuniceratops	Dinosauria, Ornithischia, Genasauria, Cerapoda, Marginocephalia, Ceratopsia, Neoceratopsia, Coronosauria, Ceratopsomorpha, Zuniceratops	christopheri	6	42158	2		451
220	Bagaceratops	Dinosauria, Ornithischia, Genasauria, Cerapoda, Marginocephalia, Ceratopsia, Neoceratopsia, Bagaceratopsidae, Bagaceratops	rozhdestvenskyi	6	39135	2	2581	210
477	Bambiraptor	Dinosauria, Saurischia, Theropoda, Neotherapoda, Tetanurae, Avetherapoda, Coelurosauria, Tyrannoraptora, Maniraptoriformes, Maniraptora, Paraves, Eumaniraptora, Dromaeosauridae, Bambiraptor	feinbergorum	6	42158	1	4008	425
473	Mononykus	Dinosauria, Saurischia, Theropoda, Neotherapoda, Tetanurae, Avetherapoda, Coelurosauria, Tyrannoraptora, Maniraptoriformes, Maniraptora, Alvarezsauridae, Mononykus	olecranus	6	12214	5	7034	667
505	Nqwebasaurus	Dinosauria, Saurischia, Theropoda, Neotherapoda, Tetanurae, Avetherapoda, Coelurosauria, Nqwebasaurus	thwazi	3	16229	1	9392	523
748	Procompsognathus	Dinosauria, Saurischia, Theropoda, Neotherapoda, Ceratosauria, Coelophysoidea, Procompsognathus	triassicus	1	58875	1	6354	858
197	Sinosauropteryx	Dinosauria, Saurischia, Theropoda, Neotherapoda, Tetanurae, Avetherapoda, Coelurosauria, Compsognathidae, Sinosauropteryx	prima	5	34707	1	3592	158
152	Urbacodon	Dinosauria, Saurischia, Urbacodon	itemirensis	6	18647	1	3818	638
896	Alvarezsaurus	Dinosauria, Saurischia, Theropoda, Neotherapoda, Tetanurae, Avetherapoda, Coelurosauria, Tyrannoraptora, Maniraptoriformes, Maniraptora, Alvarezsauridae, Alvarezsaurus	calvoi	6	79087	1	3967	105
518	Anchisaurus	Dinosauria, Saurischia, Sauropodomorpha, Prosauropoda, Anchisauria, Anchisauridae, Anchisaurus	polyzelous	2	42158	2	7677	765
103	Beipiaosaurus	Dinosauria, Saurischia, Theropoda, Neotherapoda, Tetanurae, Avetherapoda, Coelurosauria, Tyrannoraptora, Maniraptoriformes, Maniraptora, Therizinosauroidea, Beipiaosaurus	inexpectus	5	34707	4	5320	964
328	Brachyceratops	Dinosauria, Ornithischia, Genasauria, Cerapoda, Marginocephalia, Ceratopsia, Neoceratopsia, Coronosauria, Ceratopsomorpha, Ceratopsidae, Centrosaurinae, Brachyceratops	montanensis	6	42158	2	4887	108
262	Emausaurus	Dinosauria, Ornithischia, Genasauria, Thyreophora, Emausaurus	ernsti	3	58875	2	7892	227
894	Goyocephale	Dinosauria, Ornithischia, Genasauria, Cerapoda, Marginocephalia, Pachycephalosauria, Goyocephala, Goyocephale	lattimorei	6	39135	2	7797	993
814	Harpymimus	Dinosauria, Saurischia, Theropoda, Neotherapoda, Tetanurae, Avetherapoda, Coelurosauria, Tyrannoraptora, Maniraptoriformes, Ornithomimosauria, Harpymimus	okladnikovi	5	39135	4	8393	979
346	Ingenia	Dinosauria, Saurischia, Theropoda, Neotherapoda, Tetanurae, Avetherapoda, Coelurosauria, Tyrannoraptora, Maniraptoriformes, Maniraptora, Oviraptorosauria, Caenagnathoidea, Oviraptoridae, Ingeniinae, Ingenia	yanshini	6	39135	4	7344	525
957	Masiakasaurus	Dinosauria, Saurischia, Theropoda, Neotherapoda, Ceratosauria, Neoceratosauria, Abelisauroidea, Abelisauria, Masiakasaurus	knopfleri	6	47733	1	7568	517
849	Ornitholestes	Dinosauria, Saurischia, Theropoda, Neotherapoda, Tetanurae, Avetherapoda, Coelurosauria, Ornitholestes	hermanni	4	42158	1	6695	581
581	Protarchaeopteryx	Dinosauria, Saurischia, Theropoda, Neotherapoda, Tetanurae, Avetherapoda, Coelurosauria, Tyrannoraptora, Maniraptoriformes, Maniraptora, Paraves, Eumaniraptora, Protarchaeopteryx	robusta	5	34707	1	8899	246
573	Sinornithosaurus	Dinosauria, Saurischia, Theropoda, Neotherapoda, Tetanurae, Avetherapoda, Coelurosauria, Tyrannoraptora, Maniraptoriformes, Maniraptora, Paraves, Eumaniraptora, Dromaeosauridae, Sinornithosaurus	millenii	5	34707	1	6071	988
795	Staurikosaurus	Dinosauria, Saurischia, Theropoda, Herrerasauridae, Staurikosaurus	pricei	1	73774	1	1871	871
399	Atlascopcosaurus	Dinosauria, Ornithischia, Genasauria, Cerapoda, Ornithopoda, Euornithopoda, Atlascopcosaurus	loadsi	5	71635	2	6761	628
897	Dravidosaurus	Dinosauria, Ornithischia, Genasauria, Thyreophora, Stegosauria, Stegosauridae, Dravidosaurus	blanfordi	6	99260	2	5832	268
457	Guanlong	Dinosauria, Saurischia, Theropoda, Neotherapoda, Tetanurae, Avetherapoda, Coelurosauria, Tyrannoraptora, Tyrannosauroidea, Guanlong	wucaii	4	34707	1	4077	671
183	Hagryphus	Dinosauria, Saurischia, Theropoda, Neotherapoda, Tetanurae, Avetherapoda, Coelurosauria, Tyrannoraptora, Maniraptoriformes, Maniraptora, Oviraptorosauria, Hagryphus	giganteus	6	42158	4	3103	180
217	Herrerasaurus	Dinosauria, Saurischia, Theropoda, Herrerasauridae, Herrerasaurus	ischigualastensis	1	79087	1	6238	625
280	Leptoceratops	Dinosauria, Ornithischia, Genasauria, Cerapoda, Marginocephalia, Ceratopsia, Neoceratopsia, Coronosauria, Leptoceratops	gracilis	6	54091	2	7941	278
157	Minmi	Dinosauria, Ornithischia, Genasauria, Thyreophora, Ankylosauromorpha, Ankylosauria, Minmi	paravertebra	5	71635	2	5896	373
536	Pantydraco	Dinosauria, Saurischia, Pantydraco	caducus	2	14452	2	5106	816
934	Parksosaurus	Dinosauria, Ornithischia, Genasauria, Cerapoda, Ornithopoda, Euornithopoda, Parksosaurus	warrenae	6	29496	2	1730	435
843	Sarcosaurus	Dinosauria, Saurischia, Theropoda, Neotherapoda, Ceratosauria, Sarcosaurus	woodi	2	28707	1	8358	379
837	Saurornithoides	Dinosauria, Saurischia, Theropoda, Neotherapoda, Tetanurae, Avetherapoda, Coelurosauria, Tyrannoraptora, Maniraptoriformes, Maniraptora, Paraves, Eumaniraptoria, Troodontidae, Saurornithoides	mongoliensis	6	39135	1	1741	439
700	Secernosaurus	Dinosauria, Ornithischia, Genasauria, Cerapoda, Ornithopoda, Euornithopoda, Iguanadontia, Euiguanadontia, Dryomorpha, Ankylopollexia, Iguanodontoidea, Hadrosauridae, Secernosaurus	koerneri	6	79087	2	2602	696
929	Stygimoloch	Dinosauria, Ornithischia, Genasauria, Cerapoda, Marginocephalia, Pachycephalosauria, Goyocephala, Homalocephaloidea, Pachycephalosauridae, Stygimoloch	spinifer	6	42158	2	6652	676
462	Valdosaurus	Dinosauria, Ornithischia, Genasauria, Cerapoda, Ornithopoda, Euornithopoda, Iguanadontia, Euiguanadontia, Dryomorpha, Dryosauridae, Valdosaurus	canaliculatus	5	52843	2	1855	428
678	Yandusaurus	Dinosauria, Ornithischia, Genasauria, Cerapoda, Ornithopoda, Euornithopoda, Yandusaurus	hongheensis	3	34707	2	4799	767
531	Zalmoxes	Dinosauria, Ornithischia, Genasauria, Cerapoda, Ornithopoda, Euornithopoda, Iguanadontia, Rhabdodontidae, Zalmoxes	robustus	6	66551	2	5158	362
187	Antarctopelta	Dinosauria, Ornithischia, Genasauria, Thyreophora, Ankylosauromorpha, Ankylosauria, Antarctopelta	oliveroi	6	49031	2	3824	760
839	Chialingosaurus	Dinosauria, Ornithischia, Genasauria, Thyreophora, Stegosauria, Stegosauridae, Stegosaurinae, Chialingosaurus	kuani	4	34707	2	1689	152
901	Chindesaurus	Dinosauria, Saurischia, Theropoda, Herrerasauridae, Chindesaurus	bryansmalli	1	42158	1	9760	856
629	Chungkingosaurus	Dinosauria, Ornithischia, Genasauria, Thyreophora, Stegosauria, Stegosauridae, Stegosaurinae, Chungkingosaurus	jiangbeiensis	4	34707	2	6973	822
208	Dryosaurus	Dinosauria, Ornithischia, Genasauria, Cerapoda, Ornithopoda, Euornithopoda, Iguanadontia, Euiguanadontia, Dryomorpha, Dryosauridae, Dryosaurus	altus	4	43075	2	7452	794
345	Edmontonia	Dinosauria, Ornithischia, Genasauria, Thyreophora, Ankylosauromorpha, Ankylosauria, Nodosauridae, Edmontonia	longiceps	6	29496	2	7361	685
552	Gargoyleosaurus	Dinosauria, Ornithischia, Genasauria, Thyreophora, Ankylosauromorpha, Ankylosauria, Gargoyleosaurus	parkpinorum	4	42158	2	6048	599
245	Gasosaurus	Dinosauria, Saurischia, Theropoda, Neotherapoda, Tetanurae, Avetherapoda, Gasosaurus	constructus	3	34707	1	7540	226
596	Ornithomimus	Dinosauria, Saurischia, Theropoda, Neotherapoda, Tetanurae, Avetherapoda, Coelurosauria, Tyrannoraptora, Maniraptoriformes, Ornithomimosauria, Ornithomimidae, Ornithomimus	velox	6	54091	4	5354	144
356	Rhabdodon	Dinosauria, Ornithischia, Genasauria, Cerapoda, Ornithopoda, Euornithopoda, Iguanadontia, Rhabdodontidae, Rhabdodon	priscus	6	89163	2	9658	764
568	Scelidosaurus	Dinosauria, Ornithischia, Genasauria, Thyreophora, Scelidosauridae, Scelidosaurus	harrisonii	2	28707	2	3426	301
868	Segnosaurus	Dinosauria, Saurischia, Theropoda, Neotherapoda, Tetanurae, Avetherapoda, Coelurosauria, Tyrannoraptora, Maniraptoriformes, Maniraptora, Therizinosauroidea, Therizinosauridae, Segnosaurus	galbinensis	6	39135	1	6798	912
697	Silvisaurus	Dinosauria, Ornithischia, Genasauria, Thyreophora, Ankylosauromorpha, Ankylosauria, Nodosauridae, Silvisaurus	condrayi	5	42158	2	9516	835
177	Achillobator	Dinosauria, Saurischia, Theropoda, Neotherapoda, Tetanurae, Avetherapoda, Coelurosauria, Tyrannoraptora, Maniraptoriformes, Maniraptora, Paraves, Eumaniraptora, Dromaeosauridae, Achillobator	giganteus	6	39135	1	7092	867
469	Alectrosaurus	Dinosauria, Saurischia, Theropoda, Neotherapoda, Tetanurae, Avetherapoda, Coelurosauria, Tyrannoraptora, Tyrannosauroidea, Alectrosaurus	olseni	6	12214	1	1667	191
840	Ammosaurus	Dinosauria, Saurischia, Sauropodomorpha, Prosauropoda, Anchisauria, Anchisauridae, Ammosaurus	major	2	42158	2	4991	669
523	Aucasaurus	Dinosauria, Saurischia, Theropoda, Neotherapoda, Ceratosauria, Neoceratosauria, Abelisauroidea, Abelisauria, Aucasaurus	garridoi	6	79087	1	5129	389
240	Bellusaurus	Dinosauria, Saurischia, Sauropodomorpha, Sauropoda, Eusauropoda, Neosauropoda, Macronaria, Bellusaurus	sui	3	34707	2	8696	272
276	Eotyrannus	Dinosauria, Saurischia, Theropoda, Neotherapoda, Tetanurae, Avetherapoda, Coelurosauria, Tyrannoraptora, Tyrannosauroidea, Eotyrannus	lengi	5	28707	1	7165	713
856	Hylaeosaurus	Dinosauria, Ornithischia, Genasauria, Thyreophora, Ankylosauromorpha, Ankylosauria, Hylaeosaurus	armatus	5	28707	2	2357	905
685	Jingshanosaurus	Dinosauria, Saurischia, Sauropodomorpha, Prosauropoda, Plateosauria, Jingshanosaurus	xinwaensis	2	34707	2	4592	120
308	Kentrosaurus	Dinosauria, Ornithischia, Genasauria, Thyreophora, Stegosauria, Stegosauridae, Stegosaurinae, Kentrosaurus	aethiopicus	4	97645	2	7546	137
393	Liliensternus	Dinosauria, Saurischia, Theropoda, Neotherapoda, Ceratosauria, Coelophysoidea, Liliensternus	liliensterni	1	33461	1	8602	954
835	Nanotyrannus	Dinosauria, Saurischia, Theropoda, Neotherapoda, Tetanurae, Avetherapoda, Coelurosauria, Tyrannoraptora, Tyrannosauroidea, Tyrannosauridae, Tyrannosaurinae, Nanotyrannus	lancenis	6	42158	1	6183	101
990	Nodosaurus	Dinosauria, Ornithischia, Genasauria, Thyreophora, Ankylosauromorpha, Ankylosauria, Nodosauridae, Nodosaurus	textilis	5	42158	2	8528	970
628	Pinacosaurus	Dinosauria, Ornithischia, Genasauria, Thyreophora, Ankylosauromorpha, Ankylosauria, Ankylosauridae, Pinacosaurus	grangeri	6	12214	2	7968	245
223	Polacanthus	Dinosauria, Ornithischia, Genasauria, Thyreophora, Ankylosauromorpha, Ankylosauria, Polacanthus	foxii	5	28707	2	5877	172
200	Telmatosaurus	Dinosauria, Ornithischia, Genasauria, Cerapoda, Ornithopoda, Euornithopoda, Iguanadontia, Euiguanadontia, Dryomorpha, Ankylopollexia, Iguanodontoidea, Hadrosauridae, Telmatosaurus	transsylvanicus	6	65795	2	3639	277
129	Achelousaurus	Dinosauria, Ornithischia, Genasauria, Cerapoda, Marginocephalia, Ceratopsia, Neoceratopsia, Coronosauria, Ceratopsomorpha, Ceratopsidae, Centrosaurinae, Achelousaurus	horneri	6	42158	2	2646	548
455	Alioramus	Dinosauria, Saurischia, Theropoda, Neotherapoda, Tetanurae, Avetherapoda, Coelurosauria, Tyrannoraptora, Tyrannosauroidea, Alioramus	remotus	6	39135	1	1298	169
414	Anchiceratops	Dinosauria, Ornithischia, Genasauria, Cerapoda, Marginocephalia, Ceratopsia, Neoceratopsia, Coronosauria, Ceratopsomorpha, Ceratopsidae, Chasmosaurinae, Anchiceratops	ornatus	6	29496	2	2441	157
491	Bactrosaurus	Dinosauria, Ornithischia, Genasauria, Cerapoda, Ornithopoda, Euornithopoda, Iguanadontia, Euiguanadontia, Dryomorpha, Ankylopollexia, Iguanodontoidea, Hadrosauridae, Bactrosaurus	johnsoni	6	34707	2	3452	485
656	Ceratosaurus	Dinosauria, Saurischia, Theropoda, Neotherapoda, Ceratosauria, Neoceratosauria, Ceratosaurus	nasicornis	4	42158	1	9093	309
660	Dacentrurus	Dinosauria, Ornithischia, Genasauria, Thyreophora, Stegosauria, Stegosauridae, Dacentrurus	armatus	4	71794	2	3501	943
943	Einiosaurus	Dinosauria, Ornithischia, Genasauria, Cerapoda, Marginocephalia, Ceratopsia, Neoceratopsia, Coronosauria, Ceratopsomorpha, Ceratopsidae, Centrosaurinae, Einiosaurus	procurvicornis	6	42158	2	9132	795
572	Gilmoreosaurus	Dinosauria, Ornithischia, Genasauria, Cerapoda, Ornithopoda, Euornithopoda, Iguanadontia, Euiguanadontia, Dryomorpha, Ankylopollexia, Iguanodontoidea, Hadrosauridae, Gilmoreosaurus	mongoliensis	6	34707	2	1525	540
484	Hesperosaurus	Dinosauria, Ornithischia, Genasauria, Thyreophora, Stegosauria, Stegosauridae, Stegosaurinae, Hesperosaurus	mjosi	4	42158	2	1716	974
731	Lufengosaurus	Dinosauria, Saurischia, Sauropodomorpha, Prosauropoda, Plateosauria, Plateosauridae, Lufengosaurus	huenei	2	34707	2	1462	906
859	Majungatholus	Dinosauria, Saurischia, Theropoda, Neotherapoda, Ceratosauria, Neoceratosauria, Abelisauridae, Majungatholus	atopus	6	47733	1	4244	274
973	Marshosaurus	Dinosauria, Saurischia, Theropoda, Neotherapoda, Tetanurae, Avetherapoda, Marshosaurus	bicentesimus	4	42158	1	9643	768
713	Pachyrhinosaurus	Dinosauria, Ornithischia, Genasauria, Cerapoda, Marginocephalia, Ceratopsia, Neoceratopsia, Coronosauria, Ceratopsomorpha, Ceratopsidae, Centrosaurinae, Pachyrhinosaurus	canadensis	6	29496	2	5453	361
137	Probactrosaurus	Dinosauria, Ornithischia, Genasauria, Cerapoda, Ornithopoda, Euornithopoda, Iguanadontia, Euiguanadontia, Dryomorpha, Ankylopollexia, Iguanodontoidea, Probactrosaurus	gobiensis	5	34707	2	5651	605
789	Protohadros	Dinosauria, Ornithischia, Genasauria, Cerapoda, Ornithopoda, Euornithopoda, Iguanadontia, Euiguanadontia, Dryomorpha, Ankylopollexia, Iguanodontoidea, Protohadros	byrdi	6	42158	2	5732	600
176	Talarurus	Dinosauria, Ornithischia, Genasauria, Thyreophora, Ankylosauromorpha, Ankylosauria, Ankylosauridae, Talarurus	plicatospineus	6	39135	2	4207	406
636	Albertaceratops	Dinosauria, Ornithischia, Albertaceratops	nesmoi	6	54091	2	7398	132
277	Brachylophosaurus	Dinosauria, Ornithischia, Genasauria, Cerapoda, Ornithopoda, Euornithopoda, Iguanadontia, Euiguanadontia, Dryomorpha, Ankylopollexia, Iguanodontoidea, Hadrosauridae, Euhadrosauria, Hadrosaurinae, Brachylophosaurus	canadensis	6	54091	2	3640	769
822	Diceratops	Dinosauria, Ornithischia, Genasauria, Cerapoda, Marginocephalia, Ceratopsia, Neoceratopsia, Coronosauria, Ceratopsomorpha, Ceratopsidae, Chasmosaurinae, Diceratops	hatcheri	6	42158	2	1996	483
743	Eustreptospondylus	Dinosauria, Saurischia, Theropoda, Neotherapoda, Tetanurae, Spinosauroidea, Megalosauridae, Eustreptospondylinae, Eustreptospondylus	oxoniensis	3	28707	1	2244	408
914	Indosuchus	Dinosauria, Saurischia, Theropoda, Neotherapoda, Ceratosauria, Neoceratosauria, Indosuchus	raptorius	6	99260	1	5494	467
509	Muttaburrasaurus	Dinosauria, Ornithischia, Genasauria, Cerapoda, Ornithopoda, Euornithopoda, Iguanadontia, Euiguanadontia, Dryomorpha, Ankylopollexia, Iguanodontoidea, Muttaburrasaurus	langdoni	5	71635	2	6191	806
141	Ouranosaurus	Dinosauria, Ornithischia, Genasauria, Cerapoda, Ornithopoda, Euornithopoda, Iguanadontia, Euiguanadontia, Dryomorpha, Ankylopollexia, Iguanodontoidea, Ouranosaurus	nigeriensis	5	38707	2	5600	134
136	Panoplosaurus	Dinosauria, Ornithischia, Genasauria, Thyreophora, Ankylosauromorpha, Ankylosauria, Nodosauridae, Panoplosaurus	mirus	6	54091	2	4684	872
594	Rugops	Dinosauria, Saurischia, Theropoda, Neotherapoda, Ceratosauria, Neoceratosauria, Abelisauridae, Rugops	primus	6	38707	1	6688	829
778	Yunnanosaurus	Dinosauria, Saurischia, Sauropodomorpha, Prosauropoda, Plateosauria, Yunnanosaurus	huangi	2	34707	4	9347	494
845	Aralosaurus	Dinosauria, Ornithischia, Genasauria, Cerapoda, Ornithopoda, Euornithopoda, Iguanadontia, Euiguanadontia, Dryomorpha, Ankylopollexia, Iguanodontoidea, Hadrosauridae, Euhadrosauria, Hadrosaurinae, Aralosaurus	tuberiferus	6	29977	2	3286	422
612	Kritosaurus	Dinosauria, Ornithischia, Genasauria, Cerapoda, Ornithopoda, Euornithopoda, Iguanadontia, Euiguanadontia, Dryomorpha, Ankylopollexia, Iguanodontoidea, Hadrosauridae, Euhadrosauria, Hadrosaurinae, Kritosaurus	navajovius	6	20939	2	5952	873
227	Abelisaurus	Dinosauria, Saurischia, Theropoda, Neotherapoda, Ceratosauria, Neoceratosauria, Abelisauridae, Abelisaurinae, Abelisaurus	comahuensis	6	79087	1	4729	176
406	Afrovenator	Dinosauria, Saurischia, Theropoda, Neotherapoda, Tetanurae, Spinosauroidea, Megalosauridae, Eustreptospondylinae, Afrovenator	abakensis	5	38707	1	6153	383
266	Anatotitan	Dinosauria, Ornithischia, Genasauria, Cerapoda, Ornithopoda, Euornithopoda, Iguanadontia, Euiguanadontia, Dryomorpha, Ankylopollexia, Iguanodontoidea, Hadrosauridae, Euhadrosauria, Hadrosaurinae, Anatotitan	copei	6	42158	2	5665	219
506	Avalonia	Dinosauria, Saurischia, Sauropodomorpha, Prosauropoda, Anchisauria, Melanorosauridae, Avalonia	sanfordi	1	28707	4	3983	624
825	Daspletosaurus	Dinosauria, Saurischia, Theropoda, Neotherapoda, Tetanurae, Avetherapoda, Coelurosauria, Tyrannoraptora, Tyrannosauroidea, Tyrannosauridae, Tyrannosaurinae, Daspletosaurus	torosus	6	29496	1	8159	859
547	Hadrosaurus	Dinosauria, Ornithischia, Genasauria, Cerapoda, Ornithopoda, Euornithopoda, Iguanadontia, Euiguanadontia, Dryomorpha, Ankylopollexia, Iguanodontoidea, Hadrosauridae, Euhadrosauria, Hadrosaurinae, Hadrosaurus	foulkii	6	42158	2	9355	266
673	Hypacrosaurus	Dinosauria, Ornithischia, Genasauria, Cerapoda, Ornithopoda, Euornithopoda, Iguanadontia, Euiguanadontia, Dryomorpha, Ankylopollexia, Iguanodontoidea, Hadrosauridae, Euhadrosauria, Lambeosaurinae, Hypacrosaurus	altispinus	6	54091	2	2666	845
626	Jaxartosaurus	Dinosauria, Ornithischia, Genasauria, Cerapoda, Ornithopoda, Euornithopoda, Iguanadontia, Euiguanadontia, Dryomorpha, Ankylopollexia, Iguanodontoidea, Hadrosauridae, Euhadrosauria, Lambeosaurinae, Jaxartosaurus	aralensis	6	29977	2	9812	319
776	Kotasaurus	Dinosauria, Saurischia, Sauropodomorpha, Sauropoda, Kotasaurus	yamanpalliensis	2	99260	2	1096	138
371	Lambeosaurus	Dinosauria, Ornithischia, Genasauria, Cerapoda, Ornithopoda, Euornithopoda, Iguanadontia, Euiguanadontia, Dryomorpha, Ankylopollexia, Iguanodontoidea, Hadrosauridae, Euhadrosauria, Lambeosaurinae, Lambeosaurus	lambei	6	29496	2	1513	116
569	Lurdusaurus	Dinosauria, Ornithischia, Genasauria, Cerapoda, Ornithopoda, Euornithopoda, Iguanadontia, Euiguanadontia, Dryomorpha, Ankylopollexia, Iguanodontoidea, Lurdusaurus	arenatus	5	38707	2	4709	499
793	Malawisaurus	Dinosauria, Saurischia, Sauropodomorpha, Sauropoda, Eusauropoda, Neosauropoda, Macronaria, Camarasauromorpha, Titanosauriformes, Titanosauria, Lithostrotia, Malawisaurus	dixeyi	5	90269	2	1279	646
982	Megalosaurus	Dinosauria, Saurischia, Theropoda, Neotherapoda, Tetanurae, Spinosauroidea, Megalosauridae, Megalosaurinae, Megalosaurus	bucklandii	3	28707	1	4757	745
478	Poekilopleuron	Dinosauria, Saurischia, Theropoda, Neotherapoda, Tetanurae, Spinosauroidea, Megalosauridae, Megalosaurinae, Poekilopleuron	bucklandii	3	83983	1	3443	337
565	Saurolophus	Dinosauria, Ornithischia, Genasauria, Cerapoda, Ornithopoda, Euornithopoda, Iguanadontia, Euiguanadontia, Dryomorpha, Ankylopollexia, Iguanodontoidea, Hadrosauridae, Euhadrosauria, Hadrosaurinae, Saurolophus	osborni	6	27917	2	5209	160
156	Sonidosaurus	Dinosauria, Saurischia, Sauropodomorpha, Sauropoda, Eusauropoda, Neosauropoda, Macronaria, Camarasauromorpha, Titanosauriformes, Titanosauria, Sonidosaurus	saihangaobiensis	6	34707	2	4557	590
631	Stegosaurus	Dinosauria, Ornithischia, Genasauria, Thyreophora, Stegosauria, Stegosauridae, Stegosaurinae, Stegosaurus	armatus	4	42158	2	8758	664
338	Yimenosaurus	Dinosauria, Saurischia, Sauropodomorpha, Prosauropoda, Yimenosaurus	youngi	2	34707	2	7694	618
791	Brachytrachelopan	Dinosauria, Saurischia, Sauropodomorpha, Sauropoda, Eusauropoda, Neosauropoda, Diplodocoidea, Dicraeosauridae, Brachytrachelopan	mesai	3	79087	2	2318	291
271	Cedarpelta	Dinosauria, Ornithischia, Genasauria, Thyreophora, Ankylosauromorpha, Ankylosauria, Ankylosauridae, Cedarpelta	bilbeyhallorum	5	42158	2	5024	967
937	Corythosaurus	Dinosauria, Ornithischia, Genasauria, Cerapoda, Ornithopoda, Euornithopoda, Iguanadontia, Euiguanadontia, Dryomorpha, Ankylopollexia, Iguanodontoidea, Hadrosauridae, Euhadrosauria, Lambeosaurinae, Corythosaurus	casuarius	6	54091	2	2662	183
392	Gryposaurus	Dinosauria, Ornithischia, Genasauria, Cerapoda, Ornithopoda, Euornithopoda, Iguanadontia, Euiguanadontia, Dryomorpha, Ankylopollexia, Iguanodontoidea, Hadrosauridae, Euhadrosauria, Hadrosaurinae, Gryposaurus	notabilis	6	54091	2	8288	290
738	Shunosaurus	Dinosauria, Saurischia, Sauropodomorpha, Sauropoda, Eusauropoda, Shunosaurus	lii	3	34707	2	5741	232
508	Tarbosaurus	Dinosauria, Saurischia, Theropoda, Neotherapoda, Tetanurae, Avetherapoda, Coelurosauria, Tyrannoraptora, Tyrannosauroidea, Tyrannosauridae, Tyrannosaurinae, Tarbosaurus	bataar	6	12214	1	4947	414
818	Torvosaurus	Dinosauria, Saurischia, Theropoda, Neotherapoda, Tetanurae, Spinosauroidea, Megalosauridae, Megalosaurinae, Torvosaurus	tanneri	4	42158	1	4456	341
268	Yangchuanosaurus	Dinosauria, Saurischia, Theropoda, Neotherapoda, Tetanurae, Avetherapoda, Carnosauria, Allosauroidea, Sinraptoridae, Yangchuanosaurus	shangyouensis	4	34707	1	1539	380
647	Suchomimus	Dinosauria, Saurischia, Theropoda, Neotherapoda, Tetanurae, Spinosauroidea, Spinosauridae, Baryonychinae, Suchomimus	tenerensis	5	38707	1	5100	951
775	Acrocanthosaurus	Dinosauria, Saurischia, Theropoda, Neotherapoda, Tetanurae, Avetherapoda, Carnosauria, Allosauroidea, Carcharodontosauridae, Acrocanthosaurus	atokensis	5	54091	1	1243	541
747	Amargasaurus	Dinosauria, Saurischia, Sauropodomorpha, Sauropoda, Eusauropoda, Neosauropoda, Diplodocoidea, Dicraeosauridae, Amargasaurus	cazaui	5	79087	2	8375	728
213	Hypselosaurus	Dinosauria, Saurischia, Sauropodomorpha, Sauropoda, Eusauropoda, Neosauropoda, Macronaria, Camarasauromorpha, Titanosauriformes, Titanosauria, Hypselosaurus	priscus	6	15383	2	8555	455
321	Melanorosaurus	Dinosauria, Saurischia, Sauropodomorpha, Prosauropoda, Anchisauria, Melanorosauridae, Melanorosaurus	readi	1	16229	4	5927	242
468	Opisthocoelicaudia	Dinosauria, Saurischia, Sauropodomorpha, Sauropoda, Eusauropoda, Neosauropoda, Macronaria, Camarasauromorpha, Titanosauriformes, Titanosauria, Lithostrotia, Saltasauridae, Opisthocoelicaudia	skarzynskii	6	39135	2	5039	615
253	Saltasaurus	Dinosauria, Saurischia, Sauropodomorpha, Sauropoda, Eusauropoda, Neosauropoda, Macronaria, Camarasauromorpha, Titanosauriformes, Titanosauria, Lithostrotia, Saltasauridae, Saltasaurus	loricatus	6	43570	2	6564	727
290	Saurophaganax	Dinosauria, Saurischia, Theropoda, Neotherapoda, Tetanurae, Avetherapoda, Carnosauria, Allosauroidea, Allosauridae, Saurophaganax	maximus	4	42158	1	6523	648
358	Maxakalisaurus	Dinosauria, Saurischia, Sauropodomorpha, Sauropoda, Eusauropoda, Neosauropoda, Macronaria, Camarasauromorpha, Titanosauriformes, Titanosauria, Lithostrotia, Saltasauridae, Saltasaurinae, Maxakalisaurus	topai	6	73774	2	4410	596
879	Nemegtosaurus	Dinosauria, Saurischia, Sauropodomorpha, Sauropoda, Eusauropoda, Neosauropoda, Diplodocoidea, Nemegtosauridae, Nemegtosaurus	mongoliensis	6	39135	2	9068	644
768	Barapasaurus	Dinosauria, Saurischia, Sauropodomorpha, Sauropoda, Eusauropoda, Cetiosauridae, Barapasaurus	tagorei	2	99260	2	9554	327
360	Aegyptosaurus	Dinosauria, Saurischia, Sauropodomorpha, Sauropoda, Eusauropoda, Neosauropoda, Macronaria, Camarasauromorpha, Titanosauriformes, Titanosauria, Aegyptosaurus	baharijensis	6	31137	2	6397	225
165	Ampelosaurus	Dinosauria, Saurischia, Sauropodomorpha, Sauropoda, Eusauropoda, Neosauropoda, Macronaria, Camarasauromorpha, Titanosauriformes, Titanosauria, Lithostrotia, Ampelosaurus	atacis	6	83983	2	9023	307
361	Amygdalodon	Dinosauria, Saurischia, Sauropodomorpha, Sauropoda, Eusauropoda, Amygdalodon	patagonicus	3	79087	2	1724	316
379	Cetiosauriscus	Dinosauria, Saurischia, Sauropodomorpha, Sauropoda, Eusauropoda, Neosauropoda, Diplodocoidea, Cetiosauriscus	stewarti	3	28707	2	3012	632
635	Datousaurus	Dinosauria, Saurischia, Sauropodomorpha, Sauropoda, Datousaurus	bashanensis	3	34707	2	7500	148
279	Nigersaurus	Dinosauria, Saurischia, Sauropodomorpha, Sauropoda, Eusauropoda, Neosauropoda, Diplodocoidea, Rebbachisauridae, Nigersaurus	taqueti	5	86101	2	1897	938
860	Shantungosaurus	Dinosauria, Ornithischia, Genasauria, Cerapoda, Ornithopoda, Euornithopoda, Iguanadontia, Euiguanadontia, Dryomorpha, Ankylopollexia, Iguanodontoidea, Hadrosauridae, Euhadrosauria, Hadrosaurinae, Shantungosaurus	giganteus	6	34707	2	5734	416
350	Yuanmousaurus	Dinosauria, Saurischia, Sauropodomorpha, Sauropoda, Eusauropoda, Yuanmousaurus	jiangyiensis	3	34707	2	1615	892
867	Antarctosaurus	Dinosauria, Saurischia, Sauropodomorpha, Sauropoda, Eusauropoda, Neosauropoda, Macronaria, Camarasauromorpha, Titanosauriformes, Titanosauria, Lithostrotia, Antarctosaurus	wichmannianus	6	74647	2	5200	580
134	Aragosaurus	Dinosauria, Saurischia, Sauropodomorpha, Sauropoda, Eusauropoda, Aragosaurus	ischiadicus	5	15606	2	6553	513
450	Cetiosaurus	Dinosauria, Saurischia, Sauropodomorpha, Sauropoda, Eusauropoda, Cetiosauridae, Cetiosaurus	oxoniensis	3	28707	2	6574	228
857	Patagosaurus	Dinosauria, Saurischia, Sauropodomorpha, Sauropoda, Eusauropoda, Cetiosauridae, Patagosaurus	fariasi	3	79087	2	3143	553
684	Dicraeosaurus	Dinosauria, Saurischia, Sauropodomorpha, Sauropoda, Eusauropoda, Neosauropoda, Diplodocoidea, Dicraeosauridae, Dicraeosaurus	hansemanni	4	97645	2	5883	770
754	Janenschia	Dinosauria, Saurischia, Sauropodomorpha, Sauropoda, Eusauropoda, Neosauropoda, Macronaria, Camarasauromorpha, Titanosauriformes, Titanosauria, Janenschia	robusta	4	97645	2	2294	815
760	Omeisaurus	Dinosauria, Saurischia, Sauropodomorpha, Sauropoda, Eusauropoda, Omeisaurus	junghsiensis	3	34707	2	7249	391
270	Rebbachisaurus	Dinosauria, Saurischia, Sauropodomorpha, Sauropoda, Eusauropoda, Neosauropoda, Diplodocoidea, Rebbachisauridae, Rebbachisaurus	garasbae	5	55693	2	2532	387
553	Alamosaurus	Dinosauria, Saurischia, Sauropodomorpha, Sauropoda, Eusauropoda, Neosauropoda, Macronaria, Camarasauromorpha, Titanosauriformes, Titanosauria, Lithostrotia, Alamosaurus	sanjuanensis	6	42158	2	7725	184
985	Apatosaurus	Dinosauria, Saurischia, Sauropodomorpha, Sauropoda, Eusauropoda, Neosauropoda, Diplodocoidea, Diplodocidae, Apatosaurus	ajax	4	42158	2	1262	130
823	Jobaria	Dinosauria, Saurischia, Sauropodomorpha, Sauropoda, Eusauropoda, Neosauropoda, Macronaria, Jobaria	tiguidensis	5	38707	2	9235	221
126	Mamenchisaurus	Dinosauria, Saurischia, Sauropodomorpha, Sauropoda, Eusauropoda, Mamenchisaurus	constructus	4	34707	2	4220	775
907	Chubutisaurus	Dinosauria, Saurischia, Sauropodomorpha, Sauropoda, Eusauropoda, Neosauropoda, Macronaria, Camarasauromorpha, Titanosauriformes, Titanosauria, Chubutisaurus	insignis	5	79087	2	6873	637
781	Giraffatitan	Dinosauria, Saurischia, Sauropodomorpha, Sauropoda, Eusauropoda, Neosauropoda, Macronaria, Camarasauromorpha, Titanosauriformes, Brachiosauridae, Giraffatitan	brancai	4	97645	2	2657	687
153	Barosaurus	Dinosauria, Saurischia, Sauropodomorpha, Sauropoda, Eusauropoda, Neosauropoda, Diplodocoidea, Diplodocidae, Barosaurus	lentus	4	43075	2	7612	419
311	Brachiosaurus	Dinosauria, Saurischia, Sauropodomorpha, Sauropoda, Eusauropoda, Neosauropoda, Macronaria, Camarasauromorpha, Titanosauriformes, Brachiosauridae, Brachiosaurus	altithorax	4	26234	2	9790	280
570	Micropachycephalosaurus	Dinosauria, Ornithischia, Genasauria, Cerapoda, Marginocephalia, Pachycephalosauria, Micropachycephalosaurus	hongtuyanensis	6	34707	2	3390	601
503	Shuvuuia	Dinosauria, Saurischia, Theropoda, Neotherapoda, Tetanurae, Avetherapoda, Coelurosauria, Tyrannoraptora, Maniraptoriformes, Maniraptora, Alvarezsauridae, Shuvuuia	deserti	6	39135	4	8620	670
616	Juravenator	Dinosauria, Saurischia, Theropoda, Neotherapoda, Tetanurae, Avetherapoda, Coelurosauria, Compsognathidae, Juravenator	starki	4	58875	1	6601	182
175	Pisanosaurus	Dinosauria, Ornithischia, Pisanosaurus	merti	1	79087	2	4863	109
289	Podokesaurus	Dinosauria, Saurischia, Theropoda, Neotherapoda, Ceratosauria, Coelophysoidea, Podokesaurus	holyokensis	3	42158	1	7295	991
272	Chaoyangsaurus	Dinosauria, Ornithischia, Genasauria, Cerapoda, Marginocephalia, Ceratopsia, Neoceratopsia, Chaoyangsaurus	youngi	4	34707	2	2920	212
548	Heterodontosaurus	Dinosauria, Ornithischia, Genasauria, Cerapoda, Heterodontosauridae, Heterodontosaurus	tucki	2	42660	2	9487	611
194	Lycorhinus	Dinosauria, Ornithischia, Genasauria, Cerapoda, Heterodontosauridae, Lycorhinus	angustidens	1	16229	2	6026	725
234	Scutellosaurus	Dinosauria, Ornithischia, Genasauria, Thyreophora, Scutellosaurus	lawleri	2	42158	2	3442	642
559	Archaeoceratops	Dinosauria, Ornithischia, Genasauria, Cerapoda, Marginocephalia, Ceratopsia, Neoceratopsia, Archaeoceratops	oshimai	5	34707	2	5856	586
391	Buitreraptor	Dinosauria, Saurischia, Theropoda, Neotherapoda, Tetanurae, Avetherapoda, Coelurosauria, Tyrannoraptora, Maniraptoriformes, Maniraptora, Paraves, Eumaniraptora, Dromaeosauridae, Unenlagiinae, Buitreraptor	gonzalezorum	6	79087	1	2094	415
794	Othnielia	Dinosauria, Ornithischia, Genasauria, Cerapoda, Ornithopoda, Euornithopoda, Othnielia	rex	4	42158	2	6386	567
718	Tylocephale	Dinosauria, Ornithischia, Genasauria, Cerapoda, Marginocephalia, Pachycephalosauria, Goyocephala, Homalocephaloidea, Pachycephalosauridae, Tylocephale	gilmorei	6	39135	2	9770	124
275	Agilisaurus	Dinosauria, Ornithischia, Genasauria, Cerapoda, Ornithopoda, Euornithopoda, Agilisaurus	louderbacki	4	34707	2	5055	236
958	Avimimus	Dinosauria, Saurischia, Theropoda, Neotherapoda, Tetanurae, Avetherapoda, Coelurosauria, Tyrannoraptora, Maniraptoriformes, Maniraptora, Oviraptorosauria, Avimimidae, Avimimus	portentosus	6	12214	4	1845	284
482	Conchoraptor	Dinosauria, Saurischia, Theropoda, Neotherapoda, Tetanurae, Avetherapoda, Coelurosauria, Tyrannoraptora, Maniraptoriformes, Maniraptora, Oviraptorosauria, Caenagnathoidea, Oviraptoridae, Ingeniinae, Conchoraptor	gracilis	6	39135	1	6760	773
445	Homalocephale	Dinosauria, Ornithischia, Genasauria, Cerapoda, Marginocephalia, Pachycephalosauria, Goyocephala, Homalocephaloidea, Homalocephale	calathocercos	6	39135	2	7019	814
247	Segisaurus	Dinosauria, Saurischia, Theropoda, Neotherapoda, Ceratosauria, Coelophysoidea, Coelophysidae, Segisaurus	halli	3	42158	1	1928	393
318	Nomingia	Dinosauria, Saurischia, Theropoda, Neotherapoda, Tetanurae, Avetherapoda, Coelurosauria, Tyrannoraptora, Maniraptoriformes, Maniraptora, Oviraptorosauria, Caenagnathoidea, Caenagnathidae, Nomingia	gobiensis	6	39135	4	4382	360
113	Coelurus	Dinosauria, Saurischia, Theropoda, Neotherapoda, Tetanurae, Avetherapoda, Coelurosauria, Coelurus	fragilis	4	42158	1	4614	433
232	Khaan	Dinosauria, Saurischia, Theropoda, Neotherapoda, Tetanurae, Avetherapoda, Coelurosauria, Tyrannoraptora, Maniraptoriformes, Maniraptora, Oviraptorosauria, Caenagnathoidea, Oviraptoridae, Ingeniinae, Khaan	mckennai	6	39135	4	2651	885
416	Zephyrosaurus	Dinosauria, Ornithischia, Genasauria, Cerapoda, Ornithopoda, Euornithopoda, Zephyrosaurus	schaffi	5	42158	2	3415	261
939	Citipati	Dinosauria, Saurischia, Theropoda, Neotherapoda, Tetanurae, Avetherapoda, Coelurosauria, Tyrannoraptora, Maniraptoriformes, Maniraptora, Oviraptorosauria, Caenagnathoidea, Oviraptoridae, Oviraptorinae, Citipati	osmolskae	6	39135	4	7348	707
757	Oryctodromeus	Dinosauria, Ornithischia, Oryctodromeus	cubicularis	6	42158	2	4743	585
817	Avaceratops	Dinosauria, Ornithischia, Genasauria, Cerapoda, Marginocephalia, Ceratopsia, Neoceratopsia, Coronosauria, Ceratopsomorpha, Ceratopsidae, Centrosaurinae, Avaceratops	lammersi	6	42158	2	1011	742
347	Prenocephale	Dinosauria, Ornithischia, Genasauria, Cerapoda, Marginocephalia, Pachycephalosauria, Goyocephala, Homalocephaloidea, Pachycephalosauridae, Prenocephale	prenes	6	39135	2	4466	784
761	Stegoceras	Dinosauria, Ornithischia, Genasauria, Cerapoda, Marginocephalia, Pachycephalosauria, Goyocephala, Homalocephaloidea, Pachycephalosauridae, Stegoceras	validum	6	54091	2	1107	961
900	Unenlagia	Dinosauria, Saurischia, Theropoda, Neotherapoda, Tetanurae, Avetherapoda, Coelurosauria, Tyrannoraptora, Maniraptoriformes, Maniraptora, Paraves, Eumaniraptora, Dromaeosauridae, Unenlagia	comahuensis	6	79087	1	5745	151
171	Struthiosaurus	Dinosauria, Ornithischia, Genasauria, Thyreophora, Ankylosauromorpha, Ankylosauria, Nodosauridae, Struthiosaurus	austriacus	6	89163	2	6598	604
301	Erlikosaurus	Dinosauria, Saurischia, Theropoda, Neotherapoda, Tetanurae, Avetherapoda, Coelurosauria, Tyrannoraptora, Maniraptoriformes, Maniraptora, Therizinosauroidea, Therizinosauridae, Erlikosaurus	andrewsi	6	39135	4	9014	900
591	Anserimimus	Dinosauria, Saurischia, Theropoda, Neotherapoda, Tetanurae, Avetherapoda, Coelurosauria, Tyrannoraptora, Maniraptoriformes, Ornithomimosauria, Ornithomimidae, Anserimimus	planinychus	6	39135	1	1099	128
946	Archaeornithomimus	Dinosauria, Saurischia, Theropoda, Neotherapoda, Tetanurae, Avetherapoda, Coelurosauria, Tyrannoraptora, Maniraptoriformes, Ornithomimosauria, Ornithomimidae, Archaeornithomimus	asiaticus	6	94463	1	6882	649
908	Thescelosaurus	Dinosauria, Ornithischia, Genasauria, Cerapoda, Ornithopoda, Euornithopoda, Thescelosaurus	neglectus	6	54091	2	5967	449
169	Proceratosaurus	Dinosauria, Saurischia, Theropoda, Neotherapoda, Tetanurae, Avetherapoda, Coelurosauria, Proceratosaurus	bradleyi	3	28707	1	7455	640
583	Fukuiraptor	Dinosauria, Saurischia, Theropoda, Neotherapoda, Tetanurae, Avetherapoda, Carnosauria, Fukuiraptor	kitadaniensis	5	67027	1	5830	752
402	Piatnitzkysaurus	Dinosauria, Saurischia, Theropoda, Neotherapoda, Tetanurae, Spinosauroidea, Megalosauridae, Eustreptospondylinae, Piatnitzkysaurus	floresi	4	79087	1	2362	855
520	Huayangosaurus	Dinosauria, Ornithischia, Genasauria, Thyreophora, Stegosauria, Huayangosauridae, Huayangosaurus	taibaii	3	34707	2	6241	496
344	Gastonia	Dinosauria, Ornithischia, Genasauria, Thyreophora, Ankylosauromorpha, Ankylosauria, Gastonia	burgei	5	42158	2	4920	792
429	Fukuisaurus	Dinosauria, Ornithischia, Genasauria, Cerapoda, Ornithopoda, Euornithopoda, Iguanadontia, Euiguanadontia, Dryomorpha, Ankylopollexia, Iguanodontoidea, Fukuisaurus	tetoriensius	5	67027	2	1180	719
265	Garudimimus	Dinosauria, Saurischia, Theropoda, Neotherapoda, Tetanurae, Avetherapoda, Coelurosauria, Tyrannoraptora, Maniraptoriformes, Ornithomimosauria, Garudimimus	brevipes	6	39135	4	3965	392
692	Nothronychus	Dinosauria, Saurischia, Theropoda, Neotherapoda, Tetanurae, Avetherapoda, Coelurosauria, Tyrannoraptora, Maniraptoriformes, Maniraptora, Therizinosauroidea, Therizinosauridae, Nothronychus	mckinleyi	6	42158	4	9778	304
111	Styracosaurus	Dinosauria, Ornithischia, Genasauria, Cerapoda, Marginocephalia, Ceratopsia, Neoceratopsia, Coronosauria, Ceratopsomorpha, Ceratopsidae, Centrosaurinae, Styracosaurus	albertensis	6	54091	2	5726	714
475	Monolophosaurus	Dinosauria, Saurischia, Theropoda, Neotherapoda, Tetanurae, Avetherapoda, Carnosauria, Monolophosaurus	jiangi	3	34707	1	8901	265
164	Elaphrosaurus	Dinosauria, Saurischia, Theropoda, Neotherapoda, Ceratosauria, Neoceratosauria, Elaphrosaurus	bambergi	4	97645	1	8426	475
609	Europasaurus	Dinosauria, Saurischia, Sauropodomorpha, Sauropoda, Eusauropoda, Neosauropoda, Macronaria, Europasaurus	holgeri	4	58875	2	7331	323
954	Lophostropheus	Dinosauria, Saurischia, Lophostropheus	airelensis	2	83983	1	2333	903
121	Dryptosaurus	Dinosauria, Saurischia, Theropoda, Neotherapoda, Tetanurae, Avetherapoda, Coelurosauria, Tyrannoraptora, Tyrannosauroidea, Dryptosaurus	aquilunguis	6	42158	1	6045	462
366	Irritator	Dinosauria, Saurischia, Theropoda, Neotherapoda, Tetanurae, Spinosauroidea, Spinosauridae, Spinosaurinae, Irritator	challengeri	5	73774	1	9168	501
511	Sauropelta	Dinosauria, Ornithischia, Genasauria, Thyreophora, Ankylosauromorpha, Ankylosauria, Nodosauridae, Sauropelta	edwardsorum	5	42158	2	5997	423
409	Vulcanodon	Dinosauria, Saurischia, Sauropodomorpha, Sauropoda, Vulcanodontidae, Vulcanodon	karibaensis	2	23034	2	7404	870
526	Saichania	Dinosauria, Ornithischia, Genasauria, Thyreophora, Ankylosauromorpha, Ankylosauria, Ankylosauridae, Saichania	chulsanensis	6	39135	2	7362	716
670	Pentaceratops	Dinosauria, Ornithischia, Genasauria, Cerapoda, Marginocephalia, Ceratopsia, Neoceratopsia, Coronosauria, Ceratopsomorpha, Ceratopsidae, Chasmosaurinae, Pentaceratops	sternbergi	6	42158	2	8147	996
988	Neovenator	Dinosauria, Saurischia, Theropoda, Neotherapoda, Tetanurae, Avetherapoda, Carnosauria, Allosauroidea, Carcharodontosauridae, Neovenator	salerii	5	28707	1	6819	505
464	Torosaurus	Dinosauria, Ornithischia, Genasauria, Cerapoda, Marginocephalia, Ceratopsia, Neoceratopsia, Coronosauria, Ceratopsomorpha, Ceratopsidae, Chasmosaurinae, Torosaurus	latus	6	54091	2	3416	562
577	Carnotaurus	Dinosauria, Saurischia, Theropoda, Neotherapoda, Ceratosauria, Neoceratosauria, Abelisauridae, Carnotaurus	sastrei	6	79087	1	8640	861
806	Prosaurolophus	Dinosauria, Ornithischia, Genasauria, Cerapoda, Ornithopoda, Euornithopoda, Iguanadontia, Euiguanadontia, Dryomorpha, Ankylopollexia, Iguanodontoidea, Hadrosauridae, Euhadrosauria, Hadrosaurinae, Prosaurolophus	maximus	6	54091	2	3996	247
772	Sinraptor	Dinosauria, Saurischia, Theropoda, Neotherapoda, Tetanurae, Avetherapoda, Carnosauria, Allosauroidea, Sinraptoridae, Sinraptor	hepingensis	3	34707	1	4131	911
421	Deltadromeus	Dinosauria, Saurischia, Theropoda, Neotherapoda, Tetanurae, Avetherapoda, Coelurosauria, Deltadromeus	agilis	6	55693	1	4368	708
617	Metriacanthosaurus	Dinosauria, Saurischia, Theropoda, Neotherapoda, Tetanurae, Metriacanthosaurus	parkeri	4	28707	1	1405	684
759	Tarchia	Dinosauria, Ornithischia, Genasauria, Thyreophora, Ankylosauromorpha, Ankylosauria, Ankylosaurinae, Tarchia	gigantea	6	39135	2	6294	302
148	Gorgosaurus	Dinosauria, Saurischia, Theropoda, Neotherapoda, Tetanurae, Avetherapoda, Coelurosauria, Tyrannoraptora, Tyrannosauroidea, Tyrannosauridae, Albertosaurinae, Gorgosaurus	libratus	6	54091	1	7372	724
654	Aardonyx	Dinosauria, Saurischia, Sauropodomorpha, Prosauropoda, Anchisauria, Aardonyx	celestae	2	16229	2	4746	805
961	Austrosaurus	Dinosauria, Saurischia, Sauropodomorpha, Sauropoda, Eusauropoda, Neosauropoda, Macronaria, Camarasauromorpha, Titanosauriformes, Titanosauria, Austrosaurus	mckillopi	5	71635	2	7071	305
942	Azendohsaurus	Dinosauria, Saurischia, Sauropodomorpha, Prosauropoda, Azendohsaurus	laaroussi	1	55693	4	7073	381
887	Becklespinax	Dinosauria, Saurischia, Theropoda, Neotherapoda, Tetanurae, Becklespinax	altispinax	5	28707	1	3111	536
645	Borogovia	Dinosauria, Saurischia, Theropoda, Neotherapoda, Tetanurae, Avetherapoda, Coelurosauria, Tyrannoraptora, Maniraptoriformes, Maniraptora, Paraves, Eumaniraptoria, Troodontidae, Borogovia	gracilicrus	6	39135	1	5044	650
370	Carcharodontosaurus	Dinosauria, Saurischia, Theropoda, Neotherapoda, Tetanurae, Avetherapoda, Carnosauria, Allosauroidea, Carcharodontosauridae, Carcharodontosaurus	saharicus	6	83691	1	1461	418
510	Chinshakiangosaurus	Dinosauria, Saurischia, Sauropodomorpha, Sauropoda, Chinshakiangosaurus	zhongheensis	4	34707	2	7728	346
608	Coloradisaurus	Dinosauria, Saurischia, Sauropodomorpha, Prosauropoda, Plateosauria, Plateosauridae, Coloradisaurus	brevis	1	79087	4	3454	978
632	Deinocheirus	Dinosauria, Saurischia, Theropoda, Neotherapoda, Tetanurae, Avetherapoda, Coelurosauria, Tyrannoraptora, Maniraptoriformes, Ornithomimosauria, Deinocheirus	mirificus	6	39135	5	6038	388
904	Dracorex	Dinosauria, Ornithischia, Genasauria, Cerapoda, Marginocephalia, Pachycephalosauria, Goyocephala, Homalocephaloidea, Pachycephalosauridae, Dracorex	hogwartsia	6	42158	2	9506	469
435	Erketu	Dinosauria, Saurischia, Sauropodomorpha, Sauropoda, Eusauropoda, Neosauropoda, Macronaria, Camarasauromorpha, Titanosauriformes, Titanosauria, Erketu	ellisoni	5	39135	2	8873	326
294	Euskelosaurus	Dinosauria, Saurischia, Sauropodomorpha, Prosauropoda, Plateosauria, Plateosauridae, Euskelosaurus	browni	1	10736	4	4017	989
726	Gasparinisaura	Dinosauria, Ornithischia, Genasauria, Cerapoda, Ornithopoda, Euornithopoda, Gasparinisaura	cincosaltensis	6	79087	2	5404	589
805	Gobisaurus	Dinosauria, Ornithischia, Genasauria, Thyreophora, Ankylosauromorpha, Ankylosauria, Ankylosauridae, Gobisaurus	domoculus	5	34707	2	1742	231
522	Guaibasaurus	Dinosauria, Saurischia, Theropoda, Guaibasaurus	candelariensis	1	73774	2	9010	571
480	Haplocanthosaurus	Dinosauria, Saurischia, Sauropodomorpha, Sauropoda, Eusauropoda, Neosauropoda, Macronaria, Camarasauromorpha, Camarasauridae, Haplocanthosaurus	priscus	4	42158	2	5138	796
118	Leaellynasaura	Dinosauria, Ornithischia, Genasauria, Cerapoda, Ornithopoda, Euornithopoda, Leaellynasaura	amicagraphica	5	71635	2	4180	270
786	Ligabuesaurus	Dinosauria, Saurischia, Sauropodomorpha, Sauropoda, Eusauropoda, Neosauropoda, Macronaria, Camarasauromorpha, Titanosauriformes, Titanosauria, Ligabuesaurus	leanzai	5	79087	2	4540	429
415	Lophorhothon	Dinosauria, Ornithischia, Genasauria, Cerapoda, Ornithopoda, Euornithopoda, Iguanadontia, Euiguanadontia, Dryomorpha, Ankylopollexia, Iguanodontoidea, Hadrosauridae, Euhadrosauria, Hadrosaurinae, Lophorhothon	atopus	6	42158	2	7125	239
180	Mapusaurus	Dinosauria, Saurischia, Theropoda, Neotherapoda, Tetanurae, Avetherapoda, Carnosauria, Allosauroidea, Allosauridae, Charcharodontosauridae, Giganotosaurinae, Mapusaurus	roseae	6	79087	1	2520	297
722	Microceratops	Dinosauria, Ornithischia, Genasauria, Cerapoda, Marginocephalia, Ceratopsia, Neoceratopsia, Coronosauria, Microceratops	gobiensis	6	12214	2	6718	761
109	Mussaurus	Dinosauria, Saurischia, Sauropodomorpha, Prosauropoda, Plateosauria, Plateosauridae, Mussaurus	patagonicus	1	79087	2	5944	739
160	Noasaurus	Dinosauria, Saurischia, Theropoda, Neotherapoda, Ceratosauria, Neoceratosauria, Abelisauroidea, Abelisauria, Noasaurus	leali	6	79087	1	8698	486
466	Paralititan	Dinosauria, Saurischia, Sauropodomorpha, Sauropoda, Eusauropoda, Neosauropoda, Macronaria, Camarasauromorpha, Titanosauriformes, Titanosauria, Lithostrotia, Paralititan	stromeri	6	31137	2	2212	995
564	Pelorosaurus	Dinosauria, Saurischia, Sauropodomorpha, Sauropoda, Eusauropoda, Neosauropoda, Macronaria, Camarasauromorpha, Titanosauriformes, Pelorosaurus	conybearei	5	28707	2	2773	306
359	Quaesitosaurus	Dinosauria, Saurischia, Sauropodomorpha, Sauropoda, Eusauropoda, Neosauropoda, Diplodocoidea, Nemegtosauridae, Quaesitosaurus	orientalis	6	39135	2	1603	271
732	Rhoetosaurus	Dinosauria, Saurischia, Sauropodomorpha, Sauropoda, Rhoetosaurus	brownei	3	71635	2	2606	755
686	Rinchenia	Dinosauria, Saurischia, Theropoda, Neotherapoda, Tetanurae, Avetherapoda, Coelurosauria, Tyrannoraptora, Maniraptoriformes, Maniraptora, Oviraptorosauria, Caenagnathoidea, Oviraptoridae, Oviraptorinae, Rinchenia	mongoliensis	6		4	3863	170
151	Seismosaurus	Dinosauria, Saurischia, Sauropodomorpha, Sauropoda, Eusauropoda, Neosauropoda, Diplodocoidea, Diplodocidae, Seismosaurus	hallorum	4		2	5909	639
388	Sinvenator	Dinosauria, Saurischia, Theropoda, Neotherapoda, Tetanurae, Avetherapoda, Coelurosauria, Tyrannoraptora, Maniraptoriformes, Maniraptora, Paraves, Eumaniraptoria, Troodontidae, Sinvenator	changii	5		1	6945	332
746	Stenopelix	Dinosauria, Ornithischia, Genasauria, Cerapoda, Marginocephalia, Pachycephalosauria, Stenopelix	valdensis	5		2	6987	560
833	Thecodontosaurus	Dinosauria, Saurischia, Sauropodomorpha, Prosauropoda, Thecodontosaurus	antiquus	1		4	2638	357
841	Yinlong	Dinosauria, Ornithischia, Genasauria, Cerapoda, Marginocephalia, Ceratopsia, Yinlong	downsi	3		2	6469	460
219	Confuciusornis	Dinosauria, Saurischia, Theropoda, Neotherapoda, Tetanurae, Avetherapoda, Coelurosauria, Tyrannoraptora, Maniraptoriformes, Maniraptora, Paraves, Eumaniraptoria, Avialae, Ornithurae, Avibrevicauda, Pygostylia, Confuciusornithidae, Confuciusornis	sanctus	5		1	6820	407
599	Shanag	Dinosauria, Saurischia, Shanag	ashile	5		1	7288	693
119	Syntarsus 	Dinosauria, Saurischia, Theropoda, Neotherapoda, Ceratosauria, Coelophysoidea, Coelophysidae, Syntarsus	rhodesiensis	1		1	7715	969
307	Sinocalliopteryx	Dinosauria, Saurischia, Sinocalliopteryx	gigas	5		1	5465	918
595	Riojasaurus	Dinosauria, Saurischia, Sauropodomorpha, Prosauropoda, Anchisauria, Melanorosauridae, Riojasaurus	incertus	1		3	3706	352
926	Liaoxiornis	Dinosauria, Saurischia, Theropoda, Neotherapoda, Tetanurae, Avetherapoda, Coelurosauria, Tyrannoraptora, Maniraptoriformes, Maniraptora, Paraves, Eumaniraptoria, Avialae, Ornithurae, Avibrevicauda, Pygostylia, Ornithathoraces, Enantiornithes, Liaoxiornis	delicatus	5		1	3074	190
242	Lexovisaurus	Dinosauria, Ornithischia, Genasauria, Thyreophora, Stegosauria, Stegosauridae, Stegosaurinae, Lexovisaurus	durobrivensis	4		2	4235	497
740	Magyarosaurus	Dinosauria, Saurischia, Sauropodomorpha, Sauropoda, Eusauropoda, Neosauropoda, Macronaria, Camarasauromorpha, Titanosauriformes, Titanosauria, Lithostrotia, Magyarosaurus	dacus	6		2	1353	812
563	Arrhinoceratops	Dinosauria, Ornithischia, Genasauria, Cerapoda, Marginocephalia, Ceratopsia, Neoceratopsia, Coronosauria, Ceratopsomorpha, Ceratopsidae, Chasmosaurinae, Arrhinoceratops	brachyops	6		2	3106	457
155	Wuerhosaurus	Dinosauria, Ornithischia, Genasauria, Thyreophora, Stegosauria, Stegosauridae, Stegosaurinae, Wuerhosaurus	homheni	5		2	7366	718
779	Chirostenotes	Dinosauria, Saurischia, Theropoda, Neotherapoda, Tetanurae, Avetherapoda, Coelurosauria, Tyrannoraptora, Maniraptoriformes, Maniraptora, Oviraptorosauria, Caenagnathoidea, Caenagnathidae, Chirostenotes	pergracilis	4		4	2833	208
317	Euhelopus	Dinosauria, Saurischia, Sauropodomorpha, Sauropoda, Eusauropoda, Euhelopus	zdanskyi	4		2	6174	747
916	Neuquenosaurus	Dinosauria, Saurischia, Sauropodomorpha, Sauropoda, Eusauropoda, Neosauropoda, Macronaria, Camarasauromorpha, Titanosauriformes, Titanosauria, Lithostrotia, Saltasauridae, Neuquenosaurus	australis	6		2	5447	446
325	Tsintaosaurus	Dinosauria, Ornithischia, Genasauria, Cerapoda, Ornithopoda, Euornithopoda, Iguanadontia, Euiguanadontia, Dryomorpha, Ankylopollexia, Iguanodontoidea, Hadrosauridae, Euhadrosauria, Lambeosaurinae, Tsintaosaurus	spinorhinus	6		2	2176	975
451	Pelicanimimus	Dinosauria, Saurischia, Theropoda, Neotherapoda, Tetanurae, Avetherapoda, Coelurosauria, Tyrannoraptora, Maniraptoriformes, Ornithomimosauria, Pelicanimimus	polyodon	5		1	3016	963
922	Supersaurus	Dinosauria, Saurischia, Sauropodomorpha, Sauropoda, Eusauropoda, Neosauropoda, Diplodocoidea, Diplodocidae, Supersaurus	vivianae	5		2	3807	699
437	Nanshiungosaurus	Dinosauria, Saurischia, Theropoda, Neotherapoda, Tetanurae, Avetherapoda, Coelurosauria, Tyrannoraptora, Maniraptoriformes, Maniraptora, Therizinosauroidea, Therizinosauridae, Nanshiungosaurus	brevispinus	6		4	1940	603
