Dino_ID,Name,Name_Pron,Name_Translation,Taxonomy,Type_species,Period_ID,Location_ID,Diet_ID,Char_ID,Discovery_ID
1,Lesothosaurus,Le-SO-toe-sore-us,Lesotho lizard,Dinosauria| Ornithischia| Lesothosaurus,diagnosticus,2,1,2,21,174
2,Orodromeus,or-oh-DROM-ee-us,mountain runner,Dinosauria| Ornithischia| Genasauria| Cerapoda| Ornithopoda| Euornithopoda| Orodromeus,makelai,6,2,2,17,223
3,Troodon,TROH-oh-don,wounding tooth,Dinosauria| Saurischia| Theropoda| Neotherapoda| Tetanurae| Avetherapoda| Coelurosauria| Tyrannoraptora| Maniraptoriformes| Maniraptora| Paraves| Eumaniraptoria| Troodontidae| Troodon,formosus,6,2,1,10,9
4,Coelophysis,seel-OH-fie-sis,hollow form,Dinosauria| Saurischia| Theropoda| Neotherapoda| Ceratosauria| Coelophysoidea| Coelophysidae| Coelophysis,bauri,1,2,1,22,329
5,Deinonychus,die-NON-i-kuss,terrible claw,Dinosauria| Saurischia| Theropoda| Neotherapoda| Tetanurae| Avetherapoda| Coelurosauria| Tyrannoraptora| Maniraptoriformes| Maniraptora| Paraves| Eumaniraptora| Dromaeosauridae| Deinonychus,antirrhopus,5,2,1,23,144
6,Dromaeosaurus,DROM-ee-oh-saw-russ,running lizard,Dinosauria| Saurischia| Theropoda| Neotherapoda| Tetanurae| Avetherapoda| Coelurosauria| Tyrannoraptora| Maniraptoriformes| Maniraptora| Paraves| Eumaniraptora| Dromaeosauridae| Dromaeosaurus,albertensis,6,3,1,1,82
7,Hypsilophodon,hip-sih-LOH-foh-don,high-ridge tooth,Dinosauria| Ornithischia| Genasauria| Cerapoda| Ornithopoda| Euornithopoda| Hypsilophodontidae| Hypsilophodon,foxii,5,4,2,3,18
8,Psittacosaurus,SIT-ak-oh-sore-us,parrot lizard,Dinosauria| Ornithischia| Genasauria| Cerapoda| Marginocephalia| Ceratopsia| Psittacosauridae| Psittacosaurus,mongoliensis,5,5,2,32,87
9,Massospondylus,mass-oh-SPON-di-luss,massive vertebrae,Dinosauria| Saurischia| Sauropodomorpha| Prosauropoda| Plateosauria| Plateosauridae| Massospondylus,carinatus,2,6,4,18,8
10,Caudipteryx,caw-dip-ter-iks,tail feather,Dinosauria| Saurischia| Theropoda| Neotherapoda| Tetanurae| Avetherapoda| Coelurosauria| Tyrannoraptora| Maniraptoriformes| Maniraptora| Oviraptorosauria| Caudipterygidae| Caudipteryx,zoui,5,7,4,7,263
11,Eoraptor,EE-oh-RAP-tor,early plunderer,Dinosauria| Saurischia| Theropoda| Eoraptor,lunensis,1,8,1,2,238
12,Gallimimus,gal-lee-MEEM-us,chicken mimic,Dinosauria| Saurischia| Theropoda| Neotherapoda| Tetanurae| Avetherapoda| Coelurosauria| Tyrannoraptora| Maniraptoriformes| Ornithomimosauria| Ornithomimidae| Gallimimus,bullatus,6,9,4,12,155
13,Cryolophosaurus,cry-o-loaf-oh-sore-us,frozen crested lizard,Dinosauria| Saurischia| Theropoda| Neotherapoda| Tetanurae| Avetherapoda| Carnosauria| Cryolophosaurus,elliotti,2,10,1,24,244
14,Dromiceiomimus,dro-MI-see-oh-me-muss,emu mimic,Dinosauria| Saurischia| Theropoda| Neotherapoda| Tetanurae| Avetherapoda| Coelurosauria| Tyrannoraptora| Maniraptoriformes| Ornithomimosauria| Ornithomimidae| Dromiceiomimus,brevitertius,6,11,4,25,95
15,Compsognathus,Komp-sog-NATH-us,pretty jaw,Dinosauria| Saurischia| Theropoda| Neotherapoda| Tetanurae| Avetherapoda| Coelurosauria| Compsognathidae| Compsognathus,longipes,4,12,1,26,12
16,Tenontosaurus,ten-ON-toe-sore-us,sinew lizard,Dinosauria| Ornithischia| Genasauria| Cerapoda| Ornithopoda| Euornithopoda| Iguanadontia| Tenontosaurus,tillettorum,5,3,2,38,151
17,Protoceratops,pro-toe-ker-ah-tops,first horned face,Dinosauria| Ornithischia| Genasauria| Cerapoda| Marginocephalia| Ceratopsia| Neoceratopsia| Coronosauria| Protoceratops,andrewsi,6,13,2,39,86
18,Utahraptor,YOO-tah-RAP-tor,Utah plunderer,Dinosauria| Saurischia| Theropoda| Neotherapoda| Tetanurae| Avetherapoda| Coelurosauria| Tyrannoraptora| Maniraptoriformes| Maniraptora| Paraves| Eumaniraptora| Dromaeosauridae| Utahraptor,ostrommaysorum,5,2,1,15,243
19,Pachycephalosaurus,pack-i-KEF-al-oh-sore-russ,thick-headed lizard,Dinosauria| Ornithischia| Genasauria| Cerapoda| Marginocephalia| Pachycephalosauria| Goyocephala| Homalocephaloidea| Pachycephalosauridae| Pachycephalosaurus,wyomingensis,6,3,2,27,119
20,Albertosaurus,al-BERT-oh-saw-russ,Alberta lizard,Dinosauria| Saurischia| Theropoda| Neotherapoda| Tetanurae| Avetherapoda| Coelurosauria| Tyrannoraptora| Tyrannosauroidea| Tyrannosauridae| Albertosaurinae| Albertosaurus,libratus,6,11,1,11,62
21,Baryonyx,bah-ree-ON-icks,heavy claw,Dinosauria| Saurischia| Theropoda| Neotherapoda| Tetanurae| Spinosauroidea| Spinosauridae| Baryonychinae| Baryonyx,walkeri,5,4,1,9,218
22,Allosaurus,AL-oh-saw-russ,other lizard,Dinosauria| Saurischia| Theropoda| Neotherapoda| Tetanurae| Avetherapoda| Carnosauria| Allosauroidea| Allosauridae| Allosaurus,fragilis,4,14,1,28,22
23,Tyrannosaurus,tie-RAN-oh-sore-us,tyrant lizard,Dinosauria| Saurischia| Theropoda| Neotherapoda| Tetanurae| Avetherapoda| Coelurosauria| Tyrannoraptora| Tyrannosauroidea| Tyrannosauridae| Tyrannosaurinae| Tyrannosaurus,rex,6,3,1,5,51
24,Spinosaurus,SPINE-oh-SORE-us,thorn lizard,Dinosauria| Saurischia| Theropoda| Neotherapoda| Tetanurae| Spinosauroidea| Spinosauridae| Spinosaurinae| Spinosaurus,aegyptiacus,6,15,1,29,73
25,Giganotosaurus,gig-an-OH-toe-SORE-us,giant southern lizard,Dinosauria| Saurischia| Theropoda| Neotherapoda| Tetanurae| Avetherapoda| Carnosauria| Allosauroidea| Carcharodontosauridae| Giganotosaurus,carolinii,5,8,1,8,252
26,Camptosaurus,KAMP-toe-sore-us,bent lizard,Dinosauria| Ornithischia| Genasauria| Cerapoda| Ornithopoda| Euornithopoda| Iguanadontia| Euiguanadontia| Dryomorpha| Ankylopollexia| Camptosaurus,dispar,4,16,2,33,33
27,Plateosaurus,plat-ee-oh-sore-us,flat lizard,Dinosauria| Saurischia| Sauropodomorpha| Prosauropoda| Plateosauria| Plateosauridae| Plateosaurus,engelhardti,1,17,2,34,4
28,Maiasaura,my-ah-SORE-ah,good mother lizard,Dinosauria| Ornithischia| Genasauria| Cerapoda| Ornithopoda| Euornithopoda| Iguanadontia| Euiguanadontia| Dryomorpha| Ankylopollexia| Iguanodontoidea| Hadrosauridae| Euhadrosauria| Hadrosaurinae| Maiasaura,peeblesorum,6,2,2,35,179
29,Parasaurolophus,pa-ra-saw-ROL-off-us,like 'Saurolophus',Dinosauria| Ornithischia| Genasauria| Cerapoda| Ornithopoda| Euornithopoda| Iguanadontia| Euiguanadontia| Dryomorpha| Ankylopollexia| Iguanodontoidea| Hadrosauridae| Euhadrosauria| Lambeosaurinae| Parasaurolophus,walkeri,6,3,2,36,83
30,Edmontosaurus,ed-MON-toe-sore-us,Edmonton lizard,Dinosauria| Ornithischia| Genasauria| Cerapoda| Ornithopoda| Euornithopoda| Iguanadontia| Euiguanadontia| Dryomorpha| Ankylopollexia| Iguanodontoidea| Hadrosauridae| Euhadrosauria| Hadrosaurinae| Edmontosaurus,regalis,6,11,2,19,76
31,Chasmosaurus,KAZ-mo-sore-us,chasm lizard,Dinosauria| Ornithischia| Genasauria| Cerapoda| Marginocephalia| Ceratopsia| Neoceratopsia| Coronosauria| Ceratopsomorpha| Ceratopsidae| Chasmosaurinae| Chasmosaurus,belli,6,11,2,40,328
32,Centrosaurus,Cen-TROH-sore-us,sharp pointed lizard,Dinosauria| Ornithischia| Genasauria| Cerapoda| Marginocephalia| Ceratopsia| Neoceratopsia| Coronosauria| Ceratopsomorpha| Ceratopsidae| Centrosaurinae| Centrosaurus,apertus,6,11,2,41,327
33,Euoplocephalus,you-OH-plo-kef-ah-luss,well-armoured head,Dinosauria| Ornithischia| Genasauria| Thyreophora| Ankylosauromorpha| Ankylosauria| Ankylosauridae| Euoplocephalus,tutus,6,3,2,42,331
34,Tuojiangosaurus,too-YANG-oh-sore-us,Tuo River lizard,Dinosauria| Ornithischia| Genasauria| Thyreophora| Stegosauria| Stegosauridae| Stegosaurinae| Tuojiangosaurus,multispinus,4,7,2,20,158
35,Triceratops,tri-SERRA-tops,three-horned face,Dinosauria| Ornithischia| Genasauria| Cerapoda| Marginocephalia| Ceratopsia| Neoceratopsia| Coronosauria| Ceratopsomorpha| Ceratopsidae| Chasmosaurinae| Triceratops,horridus,6,2,2,43,36
36,Camarasaurus,KAM-ar-a-sore-us,chambered lizard,Dinosauria| Saurischia| Sauropodomorpha| Sauropoda| Eusauropoda| Neosauropoda| Macronaria| Camarasauromorpha| Camarasauridae| Camarasaurus,supremus,4,2,2,6,24
37,Argentinosaurus,AR-gent-eeno-sore-us,Argentina lizard,Dinosauria| Saurischia| Sauropodomorpha| Sauropoda| Eusauropoda| Neosauropoda| Macronaria| Camarasauromorpha| Titanosauriformes| Titanosauria| Argentinosaurus,huinculensis,6,8,2,44,237
38,Microraptor,MIKE-row-rap-tor,tiny plunderer,Dinosauria| Saurischia| Theropoda| Neotherapoda| Tetanurae| Avetherapoda| Coelurosauria| Tyrannoraptora| Maniraptoriformes| Maniraptora| Paraves| Eumaniraptora| Dromaeosauridae| Microraptor,zhaoianus,5,7,5,4,283
39,Velociraptor,vel-OSS-ee-rap-tor,quick plunderer,Dinosauria| Saurischia| Theropoda| Neotherapoda| Tetanurae| Avetherapoda| Coelurosauria| Tyrannoraptora| Maniraptoriformes| Maniraptora| Paraves| Eumaniraptora| Dromaeosauridae| Velociraptor,mongoliensis,6,9,1,16,93
40,Oviraptor,OH-vee-RAP-tor,egg thief,Dinosauria| Saurischia| Theropoda| Neotherapoda| Tetanurae| Avetherapoda| Coelurosauria| Tyrannoraptora| Maniraptoriformes| Maniraptora| Oviraptorosauria| Caenagnathoidea| Oviraptoridae| Oviraptorinae| Oviraptor,philoceratops,6,9,4,13,91
41,Struthiomimus,STRUTH-ee-oh-MEEM-us,ostrich mimic,Dinosauria| Saurischia| Theropoda| Neotherapoda| Tetanurae| Avetherapoda| Coelurosauria| Tyrannoraptora| Maniraptoriformes| Ornithomimosauria| Ornithomimidae| Struthiomimus,altus,6,11,4,14,77
42,Dilophosaurus,die-LOAF-oh-sore-us,two-ridged lizard,Dinosauria| Saurischia| Theropoda| Neotherapoda| Ceratosauria| Coelophysoidea| Dilophosaurus,wetherilli,2,2,1,30,330
43,Archaeopteryx,ark-ee-OPT-er-ix,ancient wing,Dinosauria| Saurischia| Theropoda| Neotherapoda| Tetanurae| Avetherapoda| Coelurosauria| Tyrannoraptora| Maniraptoriformes| Maniraptora| Paraves| Eumaniraptoria| Avialae| Archaeopterygidae| Archaeopteryx,lithographica,4,18,1,31,13
44,Iguanodon,ig-WHA-noh-don,iguana tooth,Dinosauria| Ornithischia| Genasauria| Cerapoda| Ornithopoda| Euornithopoda| Iguanadontia| Euiguanadontia| Dryomorpha| Ankylopollexia| Iguanodontoidea| Iguanodon,bernissartensis,5,19,2,37,29
45,Ankylosaurus,an-KIE-loh-sore-us,stiff lizard,Dinosauria| Ornithischia| Genasauria| Thyreophora| Ankylosauromorpha| Ankylosauria| Ankylosauridae| Ankylosaurus,magniventris,6,3,2,45,52
46,Diplodocus,DIP-low DOCK-us,double beam,Dinosauria| Saurischia| Sauropodomorpha| Sauropoda| Eusauropoda| Neosauropoda| Diplodocoidea| Diplodocidae| Diplodocus,longus,4,2,2,46,27
47,Bugenasaura,boo-jen-ah-sore-ah,large cheek lizard,Dinosauria| Ornithischia| Genasauria| Cerapoda| Ornithopoda| Euornithopoda| Bugenasaura,infernalis,6,2,2,,248
48,Dubreuillosaurus,dub-rhe-oo-oh-sore-us,(unknown),Dinosauria| Saurischia| Theropoda| Neotherapoda| Tetanurae| Spinosauroidea| Megalosauridae| Eustreptospondylinae| Dubreuillosaurus,valesdunensis,4,20,1,,307
49,Eolambia,ee-oh-lam-bee-ah,dawn lambeosaurine,Dinosauria| Ornithischia| Genasauria| Cerapoda| Ornithopoda| Euornithopoda| Iguanadontia| Euiguanadontia| Dryomorpha| Ankylopollexia| Iguanodontoidea| Eolambia,caroljonesa,6,2,2,,264
50,Equijubus,ee-kwee-joo-bus,(unknown),Dinosauria| Ornithischia| Genasauria| Cerapoda| Ornithopoda| Euornithopoda| Iguanadontia| Euiguanadontia| Dryomorpha| Ankylopollexia| Iguanodontoidea| Equijubus,normani,5,7,2,,299
51,Graciliceratops,gras-i-li-serra-tops,gracile horned face,Dinosauria| Ornithischia| Genasauria| Cerapoda| Marginocephalia| Ceratopsia| Neoceratopsia| Graciliceratops,mongoliensis,6,9,2,,282
52,Isisaurus,iss-ee-sore-us,ISI (Indian Statistical Institute) lizard,Dinosauria| Saurischia| Sauropodomorpha| Sauropoda| Eusauropoda| Neosauropoda| Macronaria| Camarasauromorpha| Titanosauriformes| Titanosauria| Lithostrotia| Isisaurus,colberti,6,21,2,,260
53,Jinzhousaurus,jeen-joh-sore-us,Jinzhou lizard,Dinosauria| Ornithischia| Genasauria| Cerapoda| Ornithopoda| Euornithopoda| Iguanadontia| Euiguanadontia| Dryomorpha| Ankylopollexia| Iguanodontoidea| Jinzhousaurus,yangi,5,7,2,,291
54,Lamaceratops,lah-mah-serra-tops,Lama (Buddhist monk) horned face,Dinosauria| Ornithischia| Genasauria| Cerapoda| Marginocephalia| Ceratopsia| Neoceratopsia| Bagaceratopsidae| Lamaceratops,tereschenkoi,6,9,2,,301
55,Lapparentosaurus,la-pah-rent-oh-sore-us,Lapparent's lizard,Dinosauria| Saurischia| Sauropodomorpha| Sauropoda| Eusauropoda| Neosauropoda| Macronaria| Camarasauromorpha| Titanosauriformes| Lapparentosaurus,madagascariensis,3,22,2,,214
56,Liaoceratops,lyow-serra-tops,Liaoning horned face,Dinosauria| Ornithischia| Genasauria| Cerapoda| Marginocephalia| Ceratopsia| Neoceratopsia| Liaoceratops,yanzigouensis,5,7,2,,297
57,Nipponosaurus,nip-on-oh-sore-us,Japanese lizard,Dinosauria| Ornithischia| Genasauria| Cerapoda| Ornithopoda| Euornithopoda| Iguanadontia| Euiguanadontia| Dryomorpha| Ankylopollexia| Iguanodontoidea| Hadrosauridae| Euhadrosauria| Lambeosaurinae| Nipponosaurus,sachalinensis,6,23,2,,112
58,Platyceratops,plat-ee-serra-tops,flat horned face,Dinosauria| Ornithischia| Genasauria| Cerapoda| Marginocephalia| Ceratopsia| Neoceratopsia| Bagaceratopsidae| Platyceratops,tatarinovi,6,9,2,,303
59,Pleurocoelus,ploor-oh-seel-us,hollow-sided [vertebrae],Dinosauria| Saurischia| Sauropodomorpha| Sauropoda| Eusauropoda| Neosauropoda| Macronaria| Camarasauromorpha| Titanosauriformes| Pleurocoelus,nanus,5,2,2,,34
60,Saltopus,sal-to-pus,hopping foot,Dinosauria| Saltopus| Saltopus,elginensis,1,24,1,,55
61,Shamosaurus,shah-maw-sore-us,desert lizard,Dinosauria| Ornithischia| Genasauria| Thyreophora| Ankylosauromorpha| Ankylosauria| Ankylosauridae| Shamosaurus,scutatus,5,9,2,,203
62,Tanius,tahn-ee-us,[H. C.] Tan,Dinosauria| Ornithischia| Genasauria| Cerapoda| Ornithopoda| Euornithopoda| Iguanadontia| Euiguanadontia| Dryomorpha| Ankylopollexia| Iguanodontoidea| Hadrosauridae| Tanius,sinensis,6,7,2,,102
63,Therizinosaurus,THER-ih-zine-oh-SORE-us,scythe lizard,Dinosauria| Saurischia| Theropoda| Neotherapoda| Tetanurae| Avetherapoda| Coelurosauria| Tyrannoraptora| Maniraptoriformes| Maniraptora| Therizinosauroidea| Therizinosauridae| Therizinosaurus,cheloniformis,6,9,5,,74
64,Tsagantegia,tsah-gahn-tay-gee-a,Tsagan Teg,Dinosauria| Ornithischia| Genasauria| Thyreophora| Ankylosauromorpha| Ankylosauria| Ankylosauridae| Tsagantegia,longicranialis,6,9,2,,242
65,Udanoceratops,oo-dahn-oh-serra-tops,Udan [Sayr] horned face,Dinosauria| Ornithischia| Genasauria| Cerapoda| Marginocephalia| Ceratopsia| Neoceratopsia| Udanoceratops,tschizhovi,6,9,2,,235
66,Yingshanosaurus,ying-shan-oh-sore-us,Mt. Ying lizard,Dinosauria| Ornithischia| Genasauria| Thyreophora| Stegosauria| Yingshanosaurus,jichuanensis,4,7,2,,236
67,Zuniceratops,zoo-nee-serra-tops,Zuni horned head,Dinosauria| Ornithischia| Genasauria| Cerapoda| Marginocephalia| Ceratopsia| Neoceratopsia| Coronosauria| Ceratopsomorpha| Zuniceratops,christopheri,6,2,2,,270
68,Bagaceratops,Bag-a-ser-a-tops,small-horned face,Dinosauria| Ornithischia| Genasauria| Cerapoda| Marginocephalia| Ceratopsia| Neoceratopsia| Bagaceratopsidae| Bagaceratops,rozhdestvenskyi,6,9,2,47,164
69,Bambiraptor,bam-bee-rap-tor,Bambi plunderer,Dinosauria| Saurischia| Theropoda| Neotherapoda| Tetanurae| Avetherapoda| Coelurosauria| Tyrannoraptora| Maniraptoriformes| Maniraptora| Paraves| Eumaniraptora| Dromaeosauridae| Bambiraptor,feinbergorum,6,2,1,48,280
70,Mononykus,mono-Nike-us,single claw,Dinosauria| Saurischia| Theropoda| Neotherapoda| Tetanurae| Avetherapoda| Coelurosauria| Tyrannoraptora| Maniraptoriformes| Maniraptora| Alvarezsauridae| Mononykus,olecranus,6,13,5,49,241
71,Nqwebasaurus,n-qu-web-ah-sore-us,Nqweba lizard,Dinosauria| Saurischia| Theropoda| Neotherapoda| Tetanurae| Avetherapoda| Coelurosauria| Nqwebasaurus,thwazi,3,25,1,50,285
72,Procompsognathus,pro-comp-sog-nay-thus,before Compsognathus,Dinosauria| Saurischia| Theropoda| Neotherapoda| Ceratosauria| Coelophysoidea| Procompsognathus,triassicus,1,18,1,51,59
73,Sinosauropteryx,sine-oh-sore-op-ter-iks,Chinese lizard wing,Dinosauria| Saurischia| Theropoda| Neotherapoda| Tetanurae| Avetherapoda| Coelurosauria| Compsognathidae| Sinosauropteryx,prima,5,7,1,52,259
74,Urbacodon,urb-ah-ko-don,URBAC tooth,Dinosauria| Saurischia| Urbacodon,itemirensis,6,26,1,53,324
75,Alvarezsaurus,al-var-rez-SORE-us,Alvarez's lizard,Dinosauria| Saurischia| Theropoda| Neotherapoda| Tetanurae| Avetherapoda| Coelurosauria| Tyrannoraptora| Maniraptoriformes| Maniraptora| Alvarezsauridae| Alvarezsaurus,calvoi,6,8,1,54,229
76,Anchisaurus,ANK-ee-sore-us,near lizard,Dinosauria| Saurischia| Sauropodomorpha| Prosauropoda| Anchisauria| Anchisauridae| Anchisaurus,polyzelous,2,2,2,55,32
77,Beipiaosaurus,bay-pyow-sore-us,Beipiao lizard,Dinosauria| Saurischia| Theropoda| Neotherapoda| Tetanurae| Avetherapoda| Coelurosauria| Tyrannoraptora| Maniraptoriformes| Maniraptora| Therizinosauroidea| Beipiaosaurus,inexpectus,5,7,4,56,272
78,Brachyceratops,brak-ee-ker-ah-tops,short-horned face,Dinosauria| Ornithischia| Genasauria| Cerapoda| Marginocephalia| Ceratopsia| Neoceratopsia| Coronosauria| Ceratopsomorpha| Ceratopsidae| Centrosaurinae| Brachyceratops,montanensis,6,2,2,57,64
79,Emausaurus,em-ow-sore-us,EMAU (Ernst-Moritz-Arndt-Universität) lizard,Dinosauria| Ornithischia| Genasauria| Thyreophora| Emausaurus,ernsti,3,18,2,58,231
80,Goyocephale,goy-oh-keff-ah-lee,decorated head,Dinosauria| Ornithischia| Genasauria| Cerapoda| Marginocephalia| Pachycephalosauria| Goyocephala| Goyocephale,lattimorei,6,9,2,59,199
81,Harpymimus,har-pi-miem-us,harpy mimic,Dinosauria| Saurischia| Theropoda| Neotherapoda| Tetanurae| Avetherapoda| Coelurosauria| Tyrannoraptora| Maniraptoriformes| Ornithomimosauria| Harpymimus,okladnikovi,5,9,4,60,207
82,Ingenia,ing-gay-nee-ah,Ingeni-[Khobur],Dinosauria| Saurischia| Theropoda| Neotherapoda| Tetanurae| Avetherapoda| Coelurosauria| Tyrannoraptora| Maniraptoriformes| Maniraptora| Oviraptorosauria| Caenagnathoidea| Oviraptoridae| Ingeniinae| Ingenia,yanshini,6,9,4,61,196
83,Masiakasaurus,mah-shee-ah-kah-sore-us,vicious lizard,Dinosauria| Saurischia| Theropoda| Neotherapoda| Ceratosauria| Neoceratosauria| Abelisauroidea| Abelisauria| Masiakasaurus,knopfleri,6,22,1,62,293
84,Ornitholestes,Or-nith-oh-LES-teez,bird robber,Dinosauria| Saurischia| Theropoda| Neotherapoda| Tetanurae| Avetherapoda| Coelurosauria| Ornitholestes,hermanni,4,2,1,63,109
85,Protarchaeopteryx,pro-tark-ee-op-ter-iks,before Archaeopteryx,Dinosauria| Saurischia| Theropoda| Neotherapoda| Tetanurae| Avetherapoda| Coelurosauria| Tyrannoraptora| Maniraptoriformes| Maniraptora| Paraves| Eumaniraptora| Protarchaeopteryx,robusta,5,7,1,64,261
86,Sinornithosaurus,sine-or-nith-oh-sore-us,Chinese bird lizard,Dinosauria| Saurischia| Theropoda| Neotherapoda| Tetanurae| Avetherapoda| Coelurosauria| Tyrannoraptora| Maniraptoriformes| Maniraptora| Paraves| Eumaniraptora| Dromaeosauridae| Sinornithosaurus,millenii,5,7,1,65,279
87,Staurikosaurus,stor-ik-oh-sore-us,Southern Cross lizard,Dinosauria| Saurischia| Theropoda| Herrerasauridae| Staurikosaurus,pricei,1,27,1,66,150
88,Atlascopcosaurus,Atlass-KOP-KO-sore-us,Atlas Copco lizard,Dinosauria| Ornithischia| Genasauria| Cerapoda| Ornithopoda| Euornithopoda| Atlascopcosaurus,loadsi,5,28,2,67,224
89,Dravidosaurus,dra-vid-oh-sore-us,Dravidanadu lizard,Dinosauria| Ornithischia| Genasauria| Thyreophora| Stegosauria| Stegosauridae| Dravidosaurus,blanfordi,6,21,2,68,177
90,Guanlong,gwan-long,crowned dragon,Dinosauria| Saurischia| Theropoda| Neotherapoda| Tetanurae| Avetherapoda| Coelurosauria| Tyrannoraptora| Tyrannosauroidea| Guanlong,wucaii,4,7,1,69,313
91,Hagryphus,ha-grif-us,Ha (Egyptian god of the western desert) griffin,Dinosauria| Saurischia| Theropoda| Neotherapoda| Tetanurae| Avetherapoda| Coelurosauria| Tyrannoraptora| Maniraptoriformes| Maniraptora| Oviraptorosauria| Hagryphus,giganteus,6,2,4,70,308
92,Herrerasaurus,herr-ray-rah-SORE-us,Herrera's lizard,Dinosauria| Saurischia| Theropoda| Herrerasauridae| Herrerasaurus,ischigualastensis,1,8,1,71,138
93,Leptoceratops,lep-toh-ker-ah-tops,slim horned face,Dinosauria| Ornithischia| Genasauria| Cerapoda| Marginocephalia| Ceratopsia| Neoceratopsia| Coronosauria| Leptoceratops,gracilis,6,3,2,72,70
94,Minmi,min-mie,named after Minmi Crossing,Dinosauria| Ornithischia| Genasauria| Thyreophora| Ankylosauromorpha| Ankylosauria| Minmi,paravertebra,5,28,2,73,190
95,Pantydraco,pant-ee-drak-oh,Pant-y-ffynnon dragon,Dinosauria| Saurischia| Pantydraco,caducus,2,29,2,74,302
96,Parksosaurus,PARKS-oh-SORE-us,Park's lizard,Dinosauria| Ornithischia| Genasauria| Cerapoda| Ornithopoda| Euornithopoda| Parksosaurus,warrenae,6,11,2,75,114
97,Sarcosaurus,sahr-koh-sore-us,flesh lizard,Dinosauria| Saurischia| Theropoda| Neotherapoda| Ceratosauria| Sarcosaurus,woodi,2,30,1,76,80
98,Saurornithoides,sore-OR-nith-OID-eez,bird-like lizard,Dinosauria| Saurischia| Theropoda| Neotherapoda| Tetanurae| Avetherapoda| Coelurosauria| Tyrannoraptora| Maniraptoriformes| Maniraptora| Paraves| Eumaniraptoria| Troodontidae| Saurornithoides,mongoliensis,6,9,1,77,92
99,Secernosaurus,see-ser-noh-sore-us,separated lizard,Dinosauria| Ornithischia| Genasauria| Cerapoda| Ornithopoda| Euornithopoda| Iguanadontia| Euiguanadontia| Dryomorpha| Ankylopollexia| Iguanodontoidea| Hadrosauridae| Secernosaurus,koerneri,6,8,2,78,185
100,Stygimoloch,stij-i-mol-ok,Styx demon,Dinosauria| Ornithischia| Genasauria| Cerapoda| Marginocephalia| Pachycephalosauria| Goyocephala| Homalocephaloidea| Pachycephalosauridae| Stygimoloch,spinifer,6,2,2,79,205
101,Valdosaurus,val-doh-sore-us,Wealden lizard,Dinosauria| Ornithischia| Genasauria| Cerapoda| Ornithopoda| Euornithopoda| Iguanadontia| Euiguanadontia| Dryomorpha| Dryosauridae| Valdosaurus,canaliculatus,5,31,2,80,167
102,Yandusaurus,yen-doo-sore-us,Yandu lizard,Dinosauria| Ornithischia| Genasauria| Cerapoda| Ornithopoda| Euornithopoda| Yandusaurus,hongheensis,3,7,2,81,188
103,Zalmoxes,zal-moks-eez,Zalmoxes (Dacian deity),Dinosauria| Ornithischia| Genasauria| Cerapoda| Ornithopoda| Euornithopoda| Iguanadontia| Rhabdodontidae| Zalmoxes,robustus,6,32,2,82,47
104,Antarctopelta,ant-arc-toe-pel-ta,Antarctic shield,Dinosauria| Ornithischia| Genasauria| Thyreophora| Ankylosauromorpha| Ankylosauria| Antarctopelta,oliveroi,6,10,2,83,309
105,Chialingosaurus,jyah-ling-oh-sore-us,Jialing [River] lizard,Dinosauria| Ornithischia| Genasauria| Thyreophora| Stegosauria| Stegosauridae| Stegosaurinae| Chialingosaurus,kuani,4,7,2,84,134
106,Chindesaurus,chin-dee-sore-us,Chinde lizard,Dinosauria| Saurischia| Theropoda| Herrerasauridae| Chindesaurus,bryansmalli,1,2,1,85,249
107,Chungkingosaurus,chung-ching-oh-sore-us,Chongqing lizard,Dinosauria| Ornithischia| Genasauria| Thyreophora| Stegosauria| Stegosauridae| Stegosaurinae| Chungkingosaurus,jiangbeiensis,4,7,2,86,201
108,Dryosaurus,dry-oh-SORE-us,oak lizard,Dinosauria| Ornithischia| Genasauria| Cerapoda| Ornithopoda| Euornithopoda| Iguanadontia| Euiguanadontia| Dryomorpha| Dryosauridae| Dryosaurus,altus,4,33,2,87,42
109,Edmontonia,ed-mon-TONE-ee-ah,of Edmonton,Dinosauria| Ornithischia| Genasauria| Thyreophora| Ankylosauromorpha| Ankylosauria| Nodosauridae| Edmontonia,longiceps,6,11,2,88,98
110,Gargoyleosaurus,gahr-goy-lee-oh-sore-us,gargoyle lizard,Dinosauria| Ornithischia| Genasauria| Thyreophora| Ankylosauromorpha| Ankylosauria| Gargoyleosaurus,parkpinorum,4,2,2,89,265
111,Gasosaurus,gas-oh-SORE-us,gas lizard,Dinosauria| Saurischia| Theropoda| Neotherapoda| Tetanurae| Avetherapoda| Gasosaurus,constructus,3,7,1,90,210
112,Ornithomimus,orn-ITH-oh-MEE-mus,bird mimic,Dinosauria| Saurischia| Theropoda| Neotherapoda| Tetanurae| Avetherapoda| Coelurosauria| Tyrannoraptora| Maniraptoriformes| Ornithomimosauria| Ornithomimidae| Ornithomimus,velox,6,3,4,91,38
113,Rhabdodon,RAB-doh-don,rod tooth,Dinosauria| Ornithischia| Genasauria| Cerapoda| Ornithopoda| Euornithopoda| Iguanadontia| Rhabdodontidae| Rhabdodon,priscus,6,34,2,92,19
114,Scelidosaurus,skel-EYE-doh-sore-us,limb lizard,Dinosauria| Ornithischia| Genasauria| Thyreophora| Scelidosauridae| Scelidosaurus,harrisonii,2,30,2,93,16
115,Segnosaurus,SEG-no-SORE-us,slow lizard,Dinosauria| Saurischia| Theropoda| Neotherapoda| Tetanurae| Avetherapoda| Coelurosauria| Tyrannoraptora| Maniraptoriformes| Maniraptora| Therizinosauroidea| Therizinosauridae| Segnosaurus,galbinensis,6,9,1,94,186
116,Silvisaurus,sil-vi-sore-us,forest lizard,Dinosauria| Ornithischia| Genasauria| Thyreophora| Ankylosauromorpha| Ankylosauria| Nodosauridae| Silvisaurus,condrayi,5,2,2,95,136
117,Achillobator,a-kil-oh-bah-tor,Achilles hero,Dinosauria| Saurischia| Theropoda| Neotherapoda| Tetanurae| Avetherapoda| Coelurosauria| Tyrannoraptora| Maniraptoriformes| Maniraptora| Paraves| Eumaniraptora| Dromaeosauridae| Achillobator,giganteus,6,9,1,96,271
118,Alectrosaurus,ah-LEK-tro-sore-us,eagle lizard,Dinosauria| Saurischia| Theropoda| Neotherapoda| Tetanurae| Avetherapoda| Coelurosauria| Tyrannoraptora| Tyrannosauroidea| Alectrosaurus,olseni,6,13,1,97,105
119,Ammosaurus,ah-moh-SORE-us,sand lizard,Dinosauria| Saurischia| Sauropodomorpha| Prosauropoda| Anchisauria| Anchisauridae| Ammosaurus,major,2,2,2,98,39
120,Aucasaurus,aw-ka-sore-us,Auca lizard,Dinosauria| Saurischia| Theropoda| Neotherapoda| Ceratosauria| Neoceratosauria| Abelisauroidea| Abelisauria| Aucasaurus,garridoi,6,8,1,99,296
121,Bellusaurus,bel-uh-sore-us,fine lizard,Dinosauria| Saurischia| Sauropodomorpha| Sauropoda| Eusauropoda| Neosauropoda| Macronaria| Bellusaurus,sui,3,7,2,100,227
122,Eotyrannus,ee-oh-ti-ran-us,dawn tyrant,Dinosauria| Saurischia| Theropoda| Neotherapoda| Tetanurae| Avetherapoda| Coelurosauria| Tyrannoraptora| Tyrannosauroidea| Eotyrannus,lengi,5,30,1,101,288
123,Hylaeosaurus,HIGH-lee-oh-sore-us,woodland lizard,Dinosauria| Ornithischia| Genasauria| Thyreophora| Ankylosauromorpha| Ankylosauria| Hylaeosaurus,armatus,5,30,2,102,3
124,Jingshanosaurus,jing-shahn-oh-sore-us,Jingshan lizard,Dinosauria| Saurischia| Sauropodomorpha| Prosauropoda| Plateosauria| Jingshanosaurus,xinwaensis,2,7,2,103,253
125,Kentrosaurus,ken-TROH-sore-us,spiky lizard,Dinosauria| Ornithischia| Genasauria| Thyreophora| Stegosauria| Stegosauridae| Stegosaurinae| Kentrosaurus,aethiopicus,4,35,2,104,71
126,Liliensternus,lil-ee-en-shtern-us,[for] Lilienstern,Dinosauria| Saurischia| Theropoda| Neotherapoda| Ceratosauria| Coelophysoidea| Liliensternus,liliensterni,1,12,1,105,111
127,Nanotyrannus,nan-oh-tie-ran-us,tiny tyrant,Dinosauria| Saurischia| Theropoda| Neotherapoda| Tetanurae| Avetherapoda| Coelurosauria| Tyrannoraptora| Tyrannosauroidea| Tyrannosauridae| Tyrannosaurinae| Nanotyrannus,lancenis,6,2,1,106,121
128,Nodosaurus,no-doh-SORE-us,node lizard,Dinosauria| Ornithischia| Genasauria| Thyreophora| Ankylosauromorpha| Ankylosauria| Nodosauridae| Nodosaurus,textilis,5,2,2,107,35
129,Pinacosaurus,pin-ak-oh-sore-us,plank lizard,Dinosauria| Ornithischia| Genasauria| Thyreophora| Ankylosauromorpha| Ankylosauria| Ankylosauridae| Pinacosaurus,grangeri,6,13,2,108,110
130,Polacanthus,pol-a-KAN-thus,many spines,Dinosauria| Ornithischia| Genasauria| Thyreophora| Ankylosauromorpha| Ankylosauria| Polacanthus,foxii,5,30,2,109,30
131,Telmatosaurus,tel-ma-toh-sore-us,swamp lizard,Dinosauria| Ornithischia| Genasauria| Cerapoda| Ornithopoda| Euornithopoda| Iguanadontia| Euiguanadontia| Dryomorpha| Ankylopollexia| Iguanodontoidea| Hadrosauridae| Telmatosaurus,transsylvanicus,6,36,2,110,44
132,Achelousaurus,ah-KEL-oo-SORE-us,Achelous' lizard,Dinosauria| Ornithischia| Genasauria| Cerapoda| Marginocephalia| Ceratopsia| Neoceratopsia| Coronosauria| Ceratopsomorpha| Ceratopsidae| Centrosaurinae| Achelousaurus,horneri,6,2,2,111,246
133,Alioramus,al-ee-oh-ray-mus,other [evolutionary] branch,Dinosauria| Saurischia| Theropoda| Neotherapoda| Tetanurae| Avetherapoda| Coelurosauria| Tyrannoraptora| Tyrannosauroidea| Alioramus,remotus,6,9,1,112,168
134,Anchiceratops,an-key-SERRA-tops,near horned lizard,Dinosauria| Ornithischia| Genasauria| Cerapoda| Marginocephalia| Ceratopsia| Neoceratopsia| Coronosauria| Ceratopsomorpha| Ceratopsidae| Chasmosaurinae| Anchiceratops,ornatus,6,11,2,113,63
135,Bactrosaurus,bak-troh-sore-us,club [spined] lizard,Dinosauria| Ornithischia| Genasauria| Cerapoda| Ornithopoda| Euornithopoda| Iguanadontia| Euiguanadontia| Dryomorpha| Ankylopollexia| Iguanodontoidea| Hadrosauridae| Bactrosaurus,johnsoni,6,7,2,114,107
136,Ceratosaurus,Keh-RAT-oh-sore-us,horned lizard,Dinosauria| Saurischia| Theropoda| Neotherapoda| Ceratosauria| Neoceratosauria| Ceratosaurus,nasicornis,4,2,1,115,31
137,Dacentrurus,dah-sen-troo-russ,pointed tail,Dinosauria| Ornithischia| Genasauria| Thyreophora| Stegosauria| Stegosauridae| Dacentrurus,armatus,4,37,2,116,45
138,Einiosaurus,ie-nee-oh-sore-us,bison lizard,Dinosauria| Ornithischia| Genasauria| Cerapoda| Marginocephalia| Ceratopsia| Neoceratopsia| Coronosauria| Ceratopsomorpha| Ceratopsidae| Centrosaurinae| Einiosaurus,procurvicornis,6,2,2,117,251
139,Gilmoreosaurus,GIL-more-oh-SORE-us,Gilmore's lizard,Dinosauria| Ornithischia| Genasauria| Cerapoda| Ornithopoda| Euornithopoda| Iguanadontia| Euiguanadontia| Dryomorpha| Ankylopollexia| Iguanodontoidea| Hadrosauridae| Gilmoreosaurus,mongoliensis,6,7,2,118,178
140,Hesperosaurus,hes-per-oh-sore-us,western lizard,Dinosauria| Ornithischia| Genasauria| Thyreophora| Stegosauria| Stegosauridae| Stegosaurinae| Hesperosaurus,mjosi,4,2,2,119,290
141,Lufengosaurus,Loo-FUNG-oh-SORE-us,Lufeng lizard,Dinosauria| Saurischia| Sauropodomorpha| Prosauropoda| Plateosauria| Plateosauridae| Lufengosaurus,huenei,2,7,2,120,117
142,Majungatholus,mah-joong-gah-thol-us,Majunga dome,Dinosauria| Saurischia| Theropoda| Neotherapoda| Ceratosauria| Neoceratosauria| Abelisauridae| Majungatholus,atopus,6,22,1,121,180
143,Marshosaurus,marsh-oh-sore-us,[Othniel Charles] Marsh lizard,Dinosauria| Saurischia| Theropoda| Neotherapoda| Tetanurae| Avetherapoda| Marshosaurus,bicentesimus,4,2,1,122,169
144,Pachyrhinosaurus,pack-ee-RINE-oh-sore-us,thick-nosed lizard,Dinosauria| Ornithischia| Genasauria| Cerapoda| Marginocephalia| Ceratopsia| Neoceratopsia| Coronosauria| Ceratopsomorpha| Ceratopsidae| Centrosaurinae| Pachyrhinosaurus,canadensis,6,11,2,123,124
145,Probactrosaurus,proh-bak-troh-sore-us,before Bactrosaurus,Dinosauria| Ornithischia| Genasauria| Cerapoda| Ornithopoda| Euornithopoda| Iguanadontia| Euiguanadontia| Dryomorpha| Ankylopollexia| Iguanodontoidea| Probactrosaurus,gobiensis,5,7,2,124,141
146,Protohadros,proh-toh-had-ros,first hadrosaur,Dinosauria| Ornithischia| Genasauria| Cerapoda| Ornithopoda| Euornithopoda| Iguanadontia| Euiguanadontia| Dryomorpha| Ankylopollexia| Iguanodontoidea| Protohadros,byrdi,6,2,2,125,267
147,Talarurus,tal-a-roor-us,wicker tail,Dinosauria| Ornithischia| Genasauria| Thyreophora| Ankylosauromorpha| Ankylosauria| Ankylosauridae| Talarurus,plicatospineus,6,9,2,126,125
148,Albertaceratops,al-bert-a-serra-tops,Alberta horned face,Dinosauria| Ornithischia| Albertaceratops,nesmoi,6,3,2,127,1
149,Brachylophosaurus,brak-i-lof-oh-sore-us,short-crested lizard,Dinosauria| Ornithischia| Genasauria| Cerapoda| Ornithopoda| Euornithopoda| Iguanadontia| Euiguanadontia| Dryomorpha| Ankylopollexia| Iguanodontoidea| Hadrosauridae| Euhadrosauria| Hadrosaurinae| Brachylophosaurus,canadensis,6,3,2,128,126
150,Diceratops,die-ker-ah-tops,two-horned face,Dinosauria| Ornithischia| Genasauria| Cerapoda| Marginocephalia| Ceratopsia| Neoceratopsia| Coronosauria| Ceratopsomorpha| Ceratopsidae| Chasmosaurinae| Diceratops,hatcheri,6,2,2,129,50
151,Eustreptospondylus,ewe-strep-toe-SPON-die-luss,well-curved vertebra,Dinosauria| Saurischia| Theropoda| Neotherapoda| Tetanurae| Spinosauroidea| Megalosauridae| Eustreptospondylinae| Eustreptospondylus,oxoniensis,3,30,1,130,139
152,Indosuchus,in-doh-sook-us,Indian crocodile,Dinosauria| Saurischia| Theropoda| Neotherapoda| Ceratosauria| Neoceratosauria| Indosuchus,raptorius,6,21,1,131,108
153,Muttaburrasaurus,MUT-a-BURR-a-SORE-us,Muttaburra lizard,Dinosauria| Ornithischia| Genasauria| Cerapoda| Ornithopoda| Euornithopoda| Iguanadontia| Euiguanadontia| Dryomorpha| Ankylopollexia| Iguanodontoidea| Muttaburrasaurus,langdoni,5,28,2,132,197
154,Ouranosaurus,oo-RAH-noh-sore-us,brave monitor lizard,Dinosauria| Ornithischia| Genasauria| Cerapoda| Ornithopoda| Euornithopoda| Iguanadontia| Euiguanadontia| Dryomorpha| Ankylopollexia| Iguanodontoidea| Ouranosaurus,nigeriensis,5,38,2,133,170
155,Panoplosaurus,pan-op-loh-sore-us,fully-armoured lizard,Dinosauria| Ornithischia| Genasauria| Thyreophora| Ankylosauromorpha| Ankylosauria| Nodosauridae| Panoplosaurus,mirus,6,3,2,134,78
156,Rugops,roo-gops,wrinkle face,Dinosauria| Saurischia| Theropoda| Neotherapoda| Ceratosauria| Neoceratosauria| Abelisauridae| Rugops,primus,6,38,1,135,304
157,Yunnanosaurus,yoo-nahn-oh-sore-us,Yunnan lizard,Dinosauria| Saurischia| Sauropodomorpha| Prosauropoda| Plateosauria| Yunnanosaurus,huangi,2,7,4,136,118
158,Aralosaurus,ar-al-oh-sore-us,Aral lizard,Dinosauria| Ornithischia| Genasauria| Cerapoda| Ornithopoda| Euornithopoda| Iguanadontia| Euiguanadontia| Dryomorpha| Ankylopollexia| Iguanodontoidea| Hadrosauridae| Euhadrosauria| Hadrosaurinae| Aralosaurus,tuberiferus,6,39,2,137,143
159,Kritosaurus,KRIT-oh-SORE-us,noble lizard,Dinosauria| Ornithischia| Genasauria| Cerapoda| Ornithopoda| Euornithopoda| Iguanadontia| Euiguanadontia| Dryomorpha| Ankylopollexia| Iguanodontoidea| Hadrosauridae| Euhadrosauria| Hadrosaurinae| Kritosaurus,navajovius,6,40,2,138,53
160,Abelisaurus,ah-BEEL-ee-sore-us,Abel's lizard,Dinosauria| Saurischia| Theropoda| Neotherapoda| Ceratosauria| Neoceratosauria| Abelisauridae| Abelisaurinae| Abelisaurus,comahuensis,6,8,1,139,208
161,Afrovenator,aff-ROW-ven-ah-tor,African hunter,Dinosauria| Saurischia| Theropoda| Neotherapoda| Tetanurae| Spinosauroidea| Megalosauridae| Eustreptospondylinae| Afrovenator,abakensis,5,38,1,140,120
162,Anatotitan,an-at-oh-TIE-tan,giant duck,Dinosauria| Ornithischia| Genasauria| Cerapoda| Ornithopoda| Euornithopoda| Iguanadontia| Euiguanadontia| Dryomorpha| Ankylopollexia| Iguanodontoidea| Hadrosauridae| Euhadrosauria| Hadrosaurinae| Anatotitan,copei,6,2,2,141,326
163,Avalonia,ah-val-oh-nee-a,[for] Avalon,Dinosauria| Saurischia| Sauropodomorpha| Prosauropoda| Anchisauria| Melanorosauridae| Avalonia,sanfordi,1,30,4,142,43
164,Daspletosaurus,da-PLEE-toe-SORE-us,frightful lizard,Dinosauria| Saurischia| Theropoda| Neotherapoda| Tetanurae| Avetherapoda| Coelurosauria| Tyrannoraptora| Tyrannosauroidea| Tyrannosauridae| Tyrannosaurinae| Daspletosaurus,torosus,6,11,1,143,147
165,Hadrosaurus,HAD-row-SORE-us,big lizard,Dinosauria| Ornithischia| Genasauria| Cerapoda| Ornithopoda| Euornithopoda| Iguanadontia| Euiguanadontia| Dryomorpha| Ankylopollexia| Iguanodontoidea| Hadrosauridae| Euhadrosauria| Hadrosaurinae| Hadrosaurus,foulkii,6,2,2,144,11
166,Hypacrosaurus,hi-pak-roh-sore-us,near-topmost lizard,Dinosauria| Ornithischia| Genasauria| Cerapoda| Ornithopoda| Euornithopoda| Iguanadontia| Euiguanadontia| Dryomorpha| Ankylopollexia| Iguanodontoidea| Hadrosauridae| Euhadrosauria| Lambeosaurinae| Hypacrosaurus,altispinus,6,3,2,145,58
167,Jaxartosaurus,jak-sahr-toh-sore-us,Jaxartes [River] lizard,Dinosauria| Ornithischia| Genasauria| Cerapoda| Ornithopoda| Euornithopoda| Iguanadontia| Euiguanadontia| Dryomorpha| Ankylopollexia| Iguanodontoidea| Hadrosauridae| Euhadrosauria| Lambeosaurinae| Jaxartosaurus,aralensis,6,39,2,146,115
168,Kotasaurus,koht-a-sore-us,Kota lizard,Dinosauria| Saurischia| Sauropodomorpha| Sauropoda| Kotasaurus,yamanpalliensis,2,21,2,147,222
169,Lambeosaurus,lam-BEE-oh-SORE-us,Lambe's lizard,Dinosauria| Ornithischia| Genasauria| Cerapoda| Ornithopoda| Euornithopoda| Iguanadontia| Euiguanadontia| Dryomorpha| Ankylopollexia| Iguanodontoidea| Hadrosauridae| Euhadrosauria| Lambeosaurinae| Lambeosaurus,lambei,6,11,2,148,84
170,Lurdusaurus,loor-duh-sore-us,heavy lizard,Dinosauria| Ornithischia| Genasauria| Cerapoda| Ornithopoda| Euornithopoda| Iguanadontia| Euiguanadontia| Dryomorpha| Ankylopollexia| Iguanodontoidea| Lurdusaurus,arenatus,5,38,2,149,277
171,Malawisaurus,mah-lah-wee-sore-us,Malawi lizard,Dinosauria| Saurischia| Sauropodomorpha| Sauropoda| Eusauropoda| Neosauropoda| Macronaria| Camarasauromorpha| Titanosauriformes| Titanosauria| Lithostrotia| Malawisaurus,dixeyi,5,41,2,150,99
172,Megalosaurus,MEG-ah-low-sore-us,big lizard,Dinosauria| Saurischia| Theropoda| Neotherapoda| Tetanurae| Spinosauroidea| Megalosauridae| Megalosaurinae| Megalosaurus,bucklandii,3,30,1,151,2
173,Poekilopleuron,peek-i-loh-ploor-on,varied ribs,Dinosauria| Saurischia| Theropoda| Neotherapoda| Tetanurae| Spinosauroidea| Megalosauridae| Megalosaurinae| Poekilopleuron,bucklandii,3,20,1,152,5
174,Saurolophus,SORE-oh-LOAF-us,ridged lizard,Dinosauria| Ornithischia| Genasauria| Cerapoda| Ornithopoda| Euornithopoda| Iguanadontia| Euiguanadontia| Dryomorpha| Ankylopollexia| Iguanodontoidea| Hadrosauridae| Euhadrosauria| Hadrosaurinae| Saurolophus,osborni,6,42,2,153,57
175,Sonidosaurus,soh-nid-oh-sore-us,Sonid (area in which the type locality is) lizard,Dinosauria| Saurischia| Sauropodomorpha| Sauropoda| Eusauropoda| Neosauropoda| Macronaria| Camarasauromorpha| Titanosauriformes| Titanosauria| Sonidosaurus,saihangaobiensis,6,7,2,154,318
176,Stegosaurus,STEG-oh-SORE-us,roof lizard,Dinosauria| Ornithischia| Genasauria| Thyreophora| Stegosauria| Stegosauridae| Stegosaurinae| Stegosaurus,armatus,4,2,2,155,26
177,Yimenosaurus,yee-muhn-oh-sore-us,Yimen lizard,Dinosauria| Saurischia| Sauropodomorpha| Prosauropoda| Yimenosaurus,youngi,2,7,2,156,228
178,Brachytrachelopan,brak-i-trak-eh-loh-pan,short-necked Pan [shepherd god],Dinosauria| Saurischia| Sauropodomorpha| Sauropoda| Eusauropoda| Neosauropoda| Diplodocoidea| Dicraeosauridae| Brachytrachelopan,mesai,3,8,2,157,305
179,Cedarpelta,see-dar-pel-tuh,Cedar [Mountain Formation] shield,Dinosauria| Ornithischia| Genasauria| Thyreophora| Ankylosauromorpha| Ankylosauria| Ankylosauridae| Cedarpelta,bilbeyhallorum,5,2,2,158,286
180,Corythosaurus,koh-rith-OH-sore-us,Corinthian helmet lizard,Dinosauria| Ornithischia| Genasauria| Cerapoda| Ornithopoda| Euornithopoda| Iguanadontia| Euiguanadontia| Dryomorpha| Ankylopollexia| Iguanodontoidea| Hadrosauridae| Euhadrosauria| Lambeosaurinae| Corythosaurus,casuarius,6,3,2,159,65
181,Gryposaurus,grip-oh-sore-us,hook-nosed lizard,Dinosauria| Ornithischia| Genasauria| Cerapoda| Ornithopoda| Euornithopoda| Iguanadontia| Euiguanadontia| Dryomorpha| Ankylopollexia| Iguanodontoidea| Hadrosauridae| Euhadrosauria| Hadrosaurinae| Gryposaurus,notabilis,6,3,2,160,69
182,Shunosaurus,SHOON-oh-SORE-us,Shuno lizard,Dinosauria| Saurischia| Sauropodomorpha| Sauropoda| Eusauropoda| Shunosaurus,lii,3,7,2,161,204
183,Tarbosaurus,TAR-bow-SORE-us,alarming lizard,Dinosauria| Saurischia| Theropoda| Neotherapoda| Tetanurae| Avetherapoda| Coelurosauria| Tyrannoraptora| Tyrannosauroidea| Tyrannosauridae| Tyrannosaurinae| Tarbosaurus,bataar,6,13,1,162,130
184,Torvosaurus,TOR-voh-SORE-us,savage lizard,Dinosauria| Saurischia| Theropoda| Neotherapoda| Tetanurae| Spinosauroidea| Megalosauridae| Megalosaurinae| Torvosaurus,tanneri,4,2,1,163,187
185,Yangchuanosaurus,yang-choo-AHN-oh-SORE-us,Yangchuan lizard,Dinosauria| Saurischia| Theropoda| Neotherapoda| Tetanurae| Avetherapoda| Carnosauria| Allosauroidea| Sinraptoridae| Yangchuanosaurus,shangyouensis,4,7,1,164,176
186,Suchomimus,sook-oh-mim-us,crocodile mimic,Dinosauria| Saurischia| Theropoda| Neotherapoda| Tetanurae| Spinosauroidea| Spinosauridae| Baryonychinae| Suchomimus,tenerensis,5,38,1,165,269
187,Acrocanthosaurus,ah-kroh-kan-tho-SORE-us,high-spined lizard,Dinosauria| Saurischia| Theropoda| Neotherapoda| Tetanurae| Avetherapoda| Carnosauria| Allosauroidea| Carcharodontosauridae| Acrocanthosaurus,atokensis,5,3,1,166,123
188,Amargasaurus,A-MARG-oh-sore-us,Amarga lizard,Dinosauria| Saurischia| Sauropodomorpha| Sauropoda| Eusauropoda| Neosauropoda| Diplodocoidea| Dicraeosauridae| Amargasaurus,cazaui,5,8,2,167,230
189,Hypselosaurus,hip-sell-oh-sore-us,high ridged lizard,Dinosauria| Saurischia| Sauropodomorpha| Sauropoda| Eusauropoda| Neosauropoda| Macronaria| Camarasauromorpha| Titanosauriformes| Titanosauria| Hypselosaurus,priscus,6,43,2,168,17
190,Melanorosaurus,me-lan-or-oh-sore-us,Black [Mountain] lizard,Dinosauria| Saurischia| Sauropodomorpha| Prosauropoda| Anchisauria| Melanorosauridae| Melanorosaurus,readi,1,25,4,169,90
191,Opisthocoelicaudia,o-pis-tho-seel-i-cawd-ee-a,hollow-backed tail [vertebrae],Dinosauria| Saurischia| Sauropodomorpha| Sauropoda| Eusauropoda| Neosauropoda| Macronaria| Camarasauromorpha| Titanosauriformes| Titanosauria| Lithostrotia| Saltasauridae| Opisthocoelicaudia,skarzynskii,6,9,2,170,171
192,Saltasaurus,salt-a-sore-us,Salta lizard,Dinosauria| Saurischia| Sauropodomorpha| Sauropoda| Eusauropoda| Neosauropoda| Macronaria| Camarasauromorpha| Titanosauriformes| Titanosauria| Lithostrotia| Saltasauridae| Saltasaurus,loricatus,6,44,2,171,192
193,Saurophaganax,sore-oh-fag-ah-naks,king of the lizard eaters,Dinosauria| Saurischia| Theropoda| Neotherapoda| Tetanurae| Avetherapoda| Carnosauria| Allosauroidea| Allosauridae| Saurophaganax,maximus,4,2,1,172,258
194,Maxakalisaurus,max-aka-li-sore-us,Maxakali (tribe of Brazil) lizard,Dinosauria| Saurischia| Sauropodomorpha| Sauropoda| Eusauropoda| Neosauropoda| Macronaria| Camarasauromorpha| Titanosauriformes| Titanosauria| Lithostrotia| Saltasauridae| Saltasaurinae| Maxakalisaurus,topai,6,27,2,173,317
195,Nemegtosaurus,Nem-egg-tow-sore-us,Nemegt lizard,Dinosauria| Saurischia| Sauropodomorpha| Sauropoda| Eusauropoda| Neosauropoda| Diplodocoidea| Nemegtosauridae| Nemegtosaurus,mongoliensis,6,9,2,174,152
196,Barapasaurus,Bar-rap-oh-SORE-us,big leg lizard,Dinosauria| Saurischia| Sauropodomorpha| Sauropoda| Eusauropoda| Cetiosauridae| Barapasaurus,tagorei,2,21,2,175,165
197,Aegyptosaurus,ee-JIP-toe-SORE-us,Egyptian lizard,Dinosauria| Saurischia| Sauropodomorpha| Sauropoda| Eusauropoda| Neosauropoda| Macronaria| Camarasauromorpha| Titanosauriformes| Titanosauria| Aegyptosaurus,baharijensis,6,45,2,176,104
198,Ampelosaurus,am-pel-oh-sore-us,vineyard lizard,Dinosauria| Saurischia| Sauropodomorpha| Sauropoda| Eusauropoda| Neosauropoda| Macronaria| Camarasauromorpha| Titanosauriformes| Titanosauria| Lithostrotia| Ampelosaurus,atacis,6,20,2,177,247
199,Amygdalodon,am-ig-dal-oh-don,almond tooth,Dinosauria| Saurischia| Sauropodomorpha| Sauropoda| Eusauropoda| Amygdalodon,patagonicus,3,8,2,178,122
200,Cetiosauriscus,see-tee-oh-SORE-is-kuss,like whale lizard,Dinosauria| Saurischia| Sauropodomorpha| Sauropoda| Eusauropoda| Neosauropoda| Diplodocoidea| Cetiosauriscus,stewarti,3,30,2,179,97
201,Datousaurus,dah-too-SORE-us,Datou lizard,Dinosauria| Saurischia| Sauropodomorpha| Sauropoda| Datousaurus,bashanensis,3,7,2,180,206
202,Nigersaurus,nee-zhayr-sore-us,Niger lizard,Dinosauria| Saurischia| Sauropodomorpha| Sauropoda| Eusauropoda| Neosauropoda| Diplodocoidea| Rebbachisauridae| Nigersaurus,taqueti,5,46,2,181,278
203,Shantungosaurus,shan-TUN-go-sore-us,Shantung (=Shandong) lizard,Dinosauria| Ornithischia| Genasauria| Cerapoda| Ornithopoda| Euornithopoda| Iguanadontia| Euiguanadontia| Dryomorpha| Ankylopollexia| Iguanodontoidea| Hadrosauridae| Euhadrosauria| Hadrosaurinae| Shantungosaurus,giganteus,6,7,2,182,157
204,Yuanmousaurus,ywahn-moo-sore-us,Yuanmou (area where the type locality is) lizard,Dinosauria| Saurischia| Sauropodomorpha| Sauropoda| Eusauropoda| Yuanmousaurus,jiangyiensis,3,7,2,183,320
205,Antarctosaurus,Ant-ARK-toe-sore-us,non-northern lizard,Dinosauria| Saurischia| Sauropodomorpha| Sauropoda| Eusauropoda| Neosauropoda| Macronaria| Camarasauromorpha| Titanosauriformes| Titanosauria| Lithostrotia| Antarctosaurus,wichmannianus,6,47,2,184,100
206,Aragosaurus,ahr-ah-go-sore-us,Aragón lizard,Dinosauria| Saurischia| Sauropodomorpha| Sauropoda| Eusauropoda| Aragosaurus,ischiadicus,5,48,2,185,216
207,Cetiosaurus,See-TEE-oh-sore-us,whale lizard,Dinosauria| Saurischia| Sauropodomorpha| Sauropoda| Eusauropoda| Cetiosauridae| Cetiosaurus,oxoniensis,3,30,2,186,20
208,Patagosaurus,pat-ag-oh-sore-us,Patagonian lizard,Dinosauria| Saurischia| Sauropodomorpha| Sauropoda| Eusauropoda| Cetiosauridae| Patagosaurus,fariasi,3,8,2,187,183
209,Dicraeosaurus,die-KRAY-oh-SORE-us,forked lizard,Dinosauria| Saurischia| Sauropodomorpha| Sauropoda| Eusauropoda| Neosauropoda| Diplodocoidea| Dicraeosauridae| Dicraeosaurus,hansemanni,4,35,2,188,66
210,Janenschia,yan-ensh-ee-ah,named after Janansch,Dinosauria| Saurischia| Sauropodomorpha| Sauropoda| Eusauropoda| Neosauropoda| Macronaria| Camarasauromorpha| Titanosauriformes| Titanosauria| Janenschia,robusta,4,35,2,189,232
211,Omeisaurus,oh-mee-sore-us,Omei lizard,Dinosauria| Saurischia| Sauropodomorpha| Sauropoda| Eusauropoda| Omeisaurus,junghsiensis,3,7,2,190,116
212,Rebbachisaurus,re-bash-i-sore-us,[Ait] Rebbach lizard,Dinosauria| Saurischia| Sauropodomorpha| Sauropoda| Eusauropoda| Neosauropoda| Diplodocoidea| Rebbachisauridae| Rebbachisaurus,garasbae,5,49,2,191,129
213,Alamosaurus,ah-la-mow-SORE-us,Alamo lizard,Dinosauria| Saurischia| Sauropodomorpha| Sauropoda| Eusauropoda| Neosauropoda| Macronaria| Camarasauromorpha| Titanosauriformes| Titanosauria| Lithostrotia| Alamosaurus,sanjuanensis,6,2,2,192,81
214,Apatosaurus,ah-PAT-oh-sore-us,deceptive lizard,Dinosauria| Saurischia| Sauropodomorpha| Sauropoda| Eusauropoda| Neosauropoda| Diplodocoidea| Diplodocidae| Apatosaurus,ajax,4,2,2,193,23
215,Jobaria,joh-bahr-ee-uh,Jobar (mythical animal),Dinosauria| Saurischia| Sauropodomorpha| Sauropoda| Eusauropoda| Neosauropoda| Macronaria| Jobaria,tiguidensis,5,38,2,194,275
216,Mamenchisaurus,mah-men-chi-sore-us,Mamenchi lizard,Dinosauria| Saurischia| Sauropodomorpha| Sauropoda| Eusauropoda| Mamenchisaurus,constructus,4,7,2,195,128
217,Chubutisaurus,choo-boot-i-sore-us,Chubut [Province] lizard,Dinosauria| Saurischia| Sauropodomorpha| Sauropoda| Eusauropoda| Neosauropoda| Macronaria| Camarasauromorpha| Titanosauriformes| Titanosauria| Chubutisaurus,insignis,5,8,2,196,160
218,Giraffatitan,ji-raf-a-tie-tan,giraffe titan,Dinosauria| Saurischia| Sauropodomorpha| Sauropoda| Eusauropoda| Neosauropoda| Macronaria| Camarasauromorpha| Titanosauriformes| Brachiosauridae| Giraffatitan,brancai,4,35,2,197,67
219,Barosaurus,BAR-oh-sore-us,heavy lizard,Dinosauria| Saurischia| Sauropodomorpha| Sauropoda| Eusauropoda| Neosauropoda| Diplodocoidea| Diplodocidae| Barosaurus,lentus,4,33,2,198,37
220,Brachiosaurus,BRAK-ee-oh-sore-us,arm lizard,Dinosauria| Saurischia| Sauropodomorpha| Sauropoda| Eusauropoda| Neosauropoda| Macronaria| Camarasauromorpha| Titanosauriformes| Brachiosauridae| Brachiosaurus,altithorax,4,50,2,199,48
221,Micropachycephalosaurus,mike-row-pak-ee-keff-ah-loh-sore-us,tiny thick-headed lizard,Dinosauria| Ornithischia| Genasauria| Cerapoda| Marginocephalia| Pachycephalosauria| Micropachycephalosaurus,hongtuyanensis,6,7,2,200,175
222,Shuvuuia,shu-voo-ee-ah,bird,Dinosauria| Saurischia| Theropoda| Neotherapoda| Tetanurae| Avetherapoda| Coelurosauria| Tyrannoraptora| Maniraptoriformes| Maniraptora| Alvarezsauridae| Shuvuuia,deserti,6,9,4,201,268
223,Juravenator,ju-rah-ve-nay-tor,Jura (Bavarian mountains) hunter,Dinosauria| Saurischia| Theropoda| Neotherapoda| Tetanurae| Avetherapoda| Coelurosauria| Compsognathidae| Juravenator,starki,4,18,1,202,314
224,Pisanosaurus,pee-sahn-oh-sore-us,Pisano's lizard,Dinosauria| Ornithischia| Pisanosaurus,merti,1,8,2,203,142
225,Podokesaurus,po-doh-kee-sore-us,swift-footed lizard,Dinosauria| Saurischia| Theropoda| Neotherapoda| Ceratosauria| Coelophysoidea| Podokesaurus,holyokensis,3,2,1,204,56
226,Chaoyangsaurus,chow-yahng-sore-us,Chaoyang lizard,Dinosauria| Ornithischia| Genasauria| Cerapoda| Marginocephalia| Ceratopsia| Neoceratopsia| Chaoyangsaurus,youngi,4,7,2,205,273
227,Heterodontosaurus,HET-er-oh-DON’T-oh-sore-us,different-teeth lizard,Dinosauria| Ornithischia| Genasauria| Cerapoda| Heterodontosauridae| Heterodontosaurus,tucki,2,51,2,206,137
228,Lycorhinus,liek-oh-rien-us,wolf snout,Dinosauria| Ornithischia| Genasauria| Cerapoda| Heterodontosauridae| Lycorhinus,angustidens,1,25,2,207,89
229,Scutellosaurus,skoo-tell-oh-sore-us,small shield lizard,Dinosauria| Ornithischia| Genasauria| Thyreophora| Scutellosaurus,lawleri,2,2,2,208,198
230,Archaeoceratops,ahr-kee-oh-serra-tops,ancient horned face,Dinosauria| Ornithischia| Genasauria| Cerapoda| Marginocephalia| Ceratopsia| Neoceratopsia| Archaeoceratops,oshimai,5,7,2,209,217
231,Buitreraptor,bwee-tree-rap-tor,Buitrera ('vulture roost') plunderer,Dinosauria| Saurischia| Theropoda| Neotherapoda| Tetanurae| Avetherapoda| Coelurosauria| Tyrannoraptora| Maniraptoriformes| Maniraptora| Paraves| Eumaniraptora| Dromaeosauridae| Unenlagiinae| Buitreraptor,gonzalezorum,6,8,1,210,306
232,Othnielia,oth-ni-ee-lee-a,[for] Othniel [Marsh],Dinosauria| Ornithischia| Genasauria| Cerapoda| Ornithopoda| Euornithopoda| Othnielia,rex,4,2,2,211,25
233,Tylocephale,tie-loh-keff-ah-lee,swelling head,Dinosauria| Ornithischia| Genasauria| Cerapoda| Marginocephalia| Pachycephalosauria| Goyocephala| Homalocephaloidea| Pachycephalosauridae| Tylocephale,gilmorei,6,9,2,212,163
234,Agilisaurus,aj-i-li-sore-us,agile lizard,Dinosauria| Ornithischia| Genasauria| Cerapoda| Ornithopoda| Euornithopoda| Agilisaurus,louderbacki,4,7,2,213,226
235,Avimimus,ah-vee-MEEM-us,bird mimic,Dinosauria| Saurischia| Theropoda| Neotherapoda| Tetanurae| Avetherapoda| Coelurosauria| Tyrannoraptora| Maniraptoriformes| Maniraptora| Oviraptorosauria| Avimimidae| Avimimus,portentosus,6,13,4,214,194
236,Conchoraptor,kon-koh-rap-tor,conch thief,Dinosauria| Saurischia| Theropoda| Neotherapoda| Tetanurae| Avetherapoda| Coelurosauria| Tyrannoraptora| Maniraptoriformes| Maniraptora| Oviraptorosauria| Caenagnathoidea| Oviraptoridae| Ingeniinae| Conchoraptor,gracilis,6,9,1,215,213
237,Homalocephale,Home-ah-loh-keff-ah-lee,level head,Dinosauria| Ornithischia| Genasauria| Cerapoda| Marginocephalia| Pachycephalosauria| Goyocephala| Homalocephaloidea| Homalocephale,calathocercos,6,9,2,216,161
238,Segisaurus,sayg-ee-sore-us,Segi [Canyon] lizard,Dinosauria| Saurischia| Theropoda| Neotherapoda| Ceratosauria| Coelophysoidea| Coelophysidae| Segisaurus,halli,3,2,1,217,113
239,Nomingia,noh-ming-ee-uh,Nomingiin,Dinosauria| Saurischia| Theropoda| Neotherapoda| Tetanurae| Avetherapoda| Coelurosauria| Tyrannoraptora| Maniraptoriformes| Maniraptora| Oviraptorosauria| Caenagnathoidea| Caenagnathidae| Nomingia,gobiensis,6,9,4,218,284
240,Coelurus,seel-YEW-rus,hollow tail,Dinosauria| Saurischia| Theropoda| Neotherapoda| Tetanurae| Avetherapoda| Coelurosauria| Coelurus,fragilis,4,2,1,219,28
241,Khaan,kahn,ruler,Dinosauria| Saurischia| Theropoda| Neotherapoda| Tetanurae| Avetherapoda| Coelurosauria| Tyrannoraptora| Maniraptoriformes| Maniraptora| Oviraptorosauria| Caenagnathoidea| Oviraptoridae| Ingeniinae| Khaan,mckennai,6,9,4,220,292
242,Zephyrosaurus,ZEF-ear-ro-SORE-us,west wind lizard,Dinosauria| Ornithischia| Genasauria| Cerapoda| Ornithopoda| Euornithopoda| Zephyrosaurus,schaffi,5,2,2,221,193
243,Citipati,chit-i-puh-tih,lord of the funeral pyre,Dinosauria| Saurischia| Theropoda| Neotherapoda| Tetanurae| Avetherapoda| Coelurosauria| Tyrannoraptora| Maniraptoriformes| Maniraptora| Oviraptorosauria| Caenagnathoidea| Oviraptoridae| Oviraptorinae| Citipati,osmolskae,6,9,4,222,287
244,Oryctodromeus,or-ik-tow-drohm-ee-us,digging runner,Dinosauria| Ornithischia| Oryctodromeus,cubicularis,6,2,2,223,321
245,Avaceratops,ay-va-ker-ah-tops,Ava's horned face,Dinosauria| Ornithischia| Genasauria| Cerapoda| Marginocephalia| Ceratopsia| Neoceratopsia| Coronosauria| Ceratopsomorpha| Ceratopsidae| Centrosaurinae| Avaceratops,lammersi,6,2,2,224,212
246,Prenocephale,preen-oh-keff-ah-lee,sloping head,Dinosauria| Ornithischia| Genasauria| Cerapoda| Marginocephalia| Pachycephalosauria| Goyocephala| Homalocephaloidea| Pachycephalosauridae| Prenocephale,prenes,6,9,2,225,162
247,Stegoceras,ste-GOS-er-as,horny roof,Dinosauria| Ornithischia| Genasauria| Cerapoda| Marginocephalia| Pachycephalosauria| Goyocephala| Homalocephaloidea| Pachycephalosauridae| Stegoceras,validum,6,3,2,226,46
248,Unenlagia,oon-en-lahg-ee-ah,half bird,Dinosauria| Saurischia| Theropoda| Neotherapoda| Tetanurae| Avetherapoda| Coelurosauria| Tyrannoraptora| Maniraptoriformes| Maniraptora| Paraves| Eumaniraptora| Dromaeosauridae| Unenlagia,comahuensis,6,8,1,227,262
249,Struthiosaurus,strew-thee-oh-sore-us,ostrich lizard,Dinosauria| Ornithischia| Genasauria| Thyreophora| Ankylosauromorpha| Ankylosauria| Nodosauridae| Struthiosaurus,austriacus,6,34,2,228,21
250,Erlikosaurus,er-lik-oh-sore-us,Erlik's lizard,Dinosauria| Saurischia| Theropoda| Neotherapoda| Tetanurae| Avetherapoda| Coelurosauria| Tyrannoraptora| Maniraptoriformes| Maniraptora| Therizinosauroidea| Therizinosauridae| Erlikosaurus,andrewsi,6,9,4,229,189
251,Anserimimus,ANN-ser-ih-mee-muss,goose mimic,Dinosauria| Saurischia| Theropoda| Neotherapoda| Tetanurae| Avetherapoda| Coelurosauria| Tyrannoraptora| Maniraptoriformes| Ornithomimosauria| Ornithomimidae| Anserimimus,planinychus,6,9,1,230,220
252,Archaeornithomimus,Ark-ee-orn-ith-oh-meem-us,ancient bird mimic,Dinosauria| Saurischia| Theropoda| Neotherapoda| Tetanurae| Avetherapoda| Coelurosauria| Tyrannoraptora| Maniraptoriformes| Ornithomimosauria| Ornithomimidae| Archaeornithomimus,asiaticus,6,52,1,231,153
253,Thescelosaurus,thes-kel-oh-SORE-us,wonderful lizard,Dinosauria| Ornithischia| Genasauria| Cerapoda| Ornithopoda| Euornithopoda| Thescelosaurus,neglectus,6,3,2,232,61
254,Proceratosaurus,proh-ker-at-oh-sore-us,before Ceratosaurus,Dinosauria| Saurischia| Theropoda| Neotherapoda| Tetanurae| Avetherapoda| Coelurosauria| Proceratosaurus,bradleyi,3,30,1,233,54
255,Fukuiraptor,foo-koo-ee-rap-tor,Fukui plunderer,Dinosauria| Saurischia| Theropoda| Neotherapoda| Tetanurae| Avetherapoda| Carnosauria| Fukuiraptor,kitadaniensis,5,53,1,234,281
256,Piatnitzkysaurus,pye-at-nits-key-sore-us,Piatnitzky's lizard,Dinosauria| Saurischia| Theropoda| Neotherapoda| Tetanurae| Spinosauroidea| Megalosauridae| Eustreptospondylinae| Piatnitzkysaurus,floresi,4,8,1,235,184
257,Huayangosaurus,hoy-YANG-oh-SORE-us,Huayang lizard,Dinosauria| Ornithischia| Genasauria| Thyreophora| Stegosauria| Huayangosauridae| Huayangosaurus,taibaii,3,7,2,236,200
258,Gastonia,gas-toh-nee-ah,[Robert] Gaston,Dinosauria| Ornithischia| Genasauria| Thyreophora| Ankylosauromorpha| Ankylosauria| Gastonia,burgei,5,2,2,237,266
259,Fukuisaurus,foo-koo-I-sore-us,Fukui lizard,Dinosauria| Ornithischia| Genasauria| Cerapoda| Ornithopoda| Euornithopoda| Iguanadontia| Euiguanadontia| Dryomorpha| Ankylopollexia| Iguanodontoidea| Fukuisaurus,tetoriensius,5,53,2,238,300
260,Garudimimus,ga-roo-dee-meem-us,Garuda mimic,Dinosauria| Saurischia| Theropoda| Neotherapoda| Tetanurae| Avetherapoda| Coelurosauria| Tyrannoraptora| Maniraptoriformes| Ornithomimosauria| Garudimimus,brevipes,6,9,4,239,195
261,Nothronychus,noh-thron-i-kus,sloth-like claw,Dinosauria| Saurischia| Theropoda| Neotherapoda| Tetanurae| Avetherapoda| Coelurosauria| Tyrannoraptora| Maniraptoriformes| Maniraptora| Therizinosauroidea| Therizinosauridae| Nothronychus,mckinleyi,6,2,4,240,294
262,Styracosaurus,sty-RAK-oh-sore-us,spiked lizard,Dinosauria| Ornithischia| Genasauria| Cerapoda| Marginocephalia| Ceratopsia| Neoceratopsia| Coronosauria| Ceratopsomorpha| Ceratopsidae| Centrosaurinae| Styracosaurus,albertensis,6,3,2,241,60
263,Monolophosaurus,mono-Loh-foh-sore-us,single-crested lizard,Dinosauria| Saurischia| Theropoda| Neotherapoda| Tetanurae| Avetherapoda| Carnosauria| Monolophosaurus,jiangi,3,7,1,242,240
264,Elaphrosaurus,el-a-fro-sore-us,fleet lizard,Dinosauria| Saurischia| Theropoda| Neotherapoda| Ceratosauria| Neoceratosauria| Elaphrosaurus,bambergi,4,35,1,243,79
265,Europasaurus,yoo-roh-pah-sore-us,Europe lizard,Dinosauria| Saurischia| Sauropodomorpha| Sauropoda| Eusauropoda| Neosauropoda| Macronaria| Europasaurus,holgeri,4,18,2,244,312
266,Lophostropheus,lof-oh-stro-fee-us,crested verebra,Dinosauria| Saurischia| Lophostropheus,airelensis,2,20,1,245,239
267,Dryptosaurus,drip-toe-SORE-us,tearing lizard,Dinosauria| Saurischia| Theropoda| Neotherapoda| Tetanurae| Avetherapoda| Coelurosauria| Tyrannoraptora| Tyrannosauroidea| Dryptosaurus,aquilunguis,6,2,1,246,14
268,Irritator,irr-it-ate-or,irritator,Dinosauria| Saurischia| Theropoda| Neotherapoda| Tetanurae| Spinosauroidea| Spinosauridae| Spinosaurinae| Irritator,challengeri,5,27,1,247,256
269,Sauropelta,sore-oh-pelt-ah,lizard shield,Dinosauria| Ornithischia| Genasauria| Thyreophora| Ankylosauromorpha| Ankylosauria| Nodosauridae| Sauropelta,edwardsorum,5,2,2,248,149
270,Vulcanodon,vul-kan-oh-don,volcano tooth,Dinosauria| Saurischia| Sauropodomorpha| Sauropoda| Vulcanodontidae| Vulcanodon,karibaensis,2,54,2,249,156
271,Saichania,sigh-CHAN-ee-a,beautiful,Dinosauria| Ornithischia| Genasauria| Thyreophora| Ankylosauromorpha| Ankylosauria| Ankylosauridae| Saichania,chulsanensis,6,9,2,250,172
272,Pentaceratops,pent-ah-ker-ah-tops,five-horned face,Dinosauria| Ornithischia| Genasauria| Cerapoda| Marginocephalia| Ceratopsia| Neoceratopsia| Coronosauria| Ceratopsomorpha| Ceratopsidae| Chasmosaurinae| Pentaceratops,sternbergi,6,2,2,251,85
273,Neovenator,nee-oh-ve-nay-tor,new hunter,Dinosauria| Saurischia| Theropoda| Neotherapoda| Tetanurae| Avetherapoda| Carnosauria| Allosauroidea| Carcharodontosauridae| Neovenator,salerii,5,30,1,252,257
274,Torosaurus,tor-oh-SORE-us,bull lizard,Dinosauria| Ornithischia| Genasauria| Cerapoda| Marginocephalia| Ceratopsia| Neoceratopsia| Coronosauria| Ceratopsomorpha| Ceratopsidae| Chasmosaurinae| Torosaurus,latus,6,3,2,253,40
275,Carnotaurus,Kar-noh-TORE-us,carnivorous bull,Dinosauria| Saurischia| Theropoda| Neotherapoda| Ceratosauria| Neoceratosauria| Abelisauridae| Carnotaurus,sastrei,6,8,1,254,209
276,Prosaurolophus,proh-sore-oh-lof-us,before lizard crest [Saurolophus],Dinosauria| Ornithischia| Genasauria| Cerapoda| Ornithopoda| Euornithopoda| Iguanadontia| Euiguanadontia| Dryomorpha| Ankylopollexia| Iguanodontoidea| Hadrosauridae| Euhadrosauria| Hadrosaurinae| Prosaurolophus,maximus,6,3,2,255,75
277,Sinraptor,sien-rap-tor,Chinese plunderer,Dinosauria| Saurischia| Theropoda| Neotherapoda| Tetanurae| Avetherapoda| Carnosauria| Allosauroidea| Sinraptoridae| Sinraptor,hepingensis,3,7,1,256,234
278,Deltadromeus,del-tah-drohm-ee-us,delta runner,Dinosauria| Saurischia| Theropoda| Neotherapoda| Tetanurae| Avetherapoda| Coelurosauria| Deltadromeus,agilis,6,49,1,257,254
279,Metriacanthosaurus,met-ree-a-kan-tho-sore-us,moderately-spined lizard,Dinosauria| Saurischia| Theropoda| Neotherapoda| Tetanurae| Metriacanthosaurus,parkeri,4,30,1,258,140
280,Tarchia,tahrk-ee ah,brainy one,Dinosauria| Ornithischia| Genasauria| Thyreophora| Ankylosauromorpha| Ankylosauria| Ankylosaurinae| Tarchia,gigantea,6,9,2,259,131
281,Gorgosaurus,gor-goh-sore-us,fierce lizard,Dinosauria| Saurischia| Theropoda| Neotherapoda| Tetanurae| Avetherapoda| Coelurosauria| Tyrannoraptora| Tyrannosauroidea| Tyrannosauridae| Albertosaurinae| Gorgosaurus,libratus,6,3,1,260,68
282,Aardonyx,ar-don-ix,Earth claw,Dinosauria| Saurischia| Sauropodomorpha| Prosauropoda| Anchisauria| Aardonyx,celestae,2,25,2,261,325
283,Austrosaurus,aws-troh-sore-us,south lizard,Dinosauria| Saurischia| Sauropodomorpha| Sauropoda| Eusauropoda| Neosauropoda| Macronaria| Camarasauromorpha| Titanosauriformes| Titanosauria| Austrosaurus,mckillopi,5,28,2,262,106
284,Azendohsaurus,ah-zen-doh-sore-us,Azendoh lizard,Dinosauria| Saurischia| Sauropodomorpha| Prosauropoda| Azendohsaurus,laaroussi,1,49,4,263,154
285,Becklespinax,beck-el-spien-aks,Beckles' spinax,Dinosauria| Saurischia| Theropoda| Neotherapoda| Tetanurae| Becklespinax,altispinax,5,30,1,264,221
286,Borogovia,bor-o-goh-vee-a,borogove,Dinosauria| Saurischia| Theropoda| Neotherapoda| Tetanurae| Avetherapoda| Coelurosauria| Tyrannoraptora| Maniraptoriformes| Maniraptora| Paraves| Eumaniraptoria| Troodontidae| Borogovia,gracilicrus,6,9,1,265,219
287,Carcharodontosaurus,Kar-KAR-o-don-toe-sore-us,Carcharodon lizard,Dinosauria| Saurischia| Theropoda| Neotherapoda| Tetanurae| Avetherapoda| Carnosauria| Allosauroidea| Carcharodontosauridae| Carcharodontosaurus,saharicus,6,55,1,266,103
288,Chinshakiangosaurus,jing-sha-kiang-oh-sore-us,Chinshakiang lizard,Dinosauria| Saurischia| Sauropodomorpha| Sauropoda| Chinshakiangosaurus,zhongheensis,4,7,2,267,166
289,Coloradisaurus,ko-lo-rahd-i-sore-us,[Los] Colorados lizard,Dinosauria| Saurischia| Sauropodomorpha| Prosauropoda| Plateosauria| Plateosauridae| Coloradisaurus,brevis,1,8,4,268,173
290,Deinocheirus,DINE-oh-KIRE-us,terrible hand,Dinosauria| Saurischia| Theropoda| Neotherapoda| Tetanurae| Avetherapoda| Coelurosauria| Tyrannoraptora| Maniraptoriformes| Ornithomimosauria| Deinocheirus,mirificus,6,9,5,269,148
291,Dracorex,dray-ko-rex,Dragon king,Dinosauria| Ornithischia| Genasauria| Cerapoda| Marginocephalia| Pachycephalosauria| Goyocephala| Homalocephaloidea| Pachycephalosauridae| Dracorex,hogwartsia,6,2,2,270,310
292,Erketu,er-kee-tu,Erketu = Tengri (a Mongolian creator-god),Dinosauria| Saurischia| Sauropodomorpha| Sauropoda| Eusauropoda| Neosauropoda| Macronaria| Camarasauromorpha| Titanosauriformes| Titanosauria| Erketu,ellisoni,5,9,2,271,311
293,Euskelosaurus,yoo-skeel-oh-sore-us,true-limbed lizard,Dinosauria| Saurischia| Sauropodomorpha| Prosauropoda| Plateosauria| Plateosauridae| Euskelosaurus,browni,1,6,4,272,15
294,Gasparinisaura,gas-pah-reen-ee-sore-us,Gasparini's lizard,Dinosauria| Ornithischia| Genasauria| Cerapoda| Ornithopoda| Euornithopoda| Gasparinisaura,cincosaltensis,6,8,2,273,255
295,Gobisaurus,goh-bee-sore-us,Gobi lizard,Dinosauria| Ornithischia| Genasauria| Thyreophora| Ankylosauromorpha| Ankylosauria| Ankylosauridae| Gobisaurus,domoculus,5,7,2,274,289
296,Guaibasaurus,gwie-bah-sore-us,[Rio] Guaiba lizard,Dinosauria| Saurischia| Theropoda| Guaibasaurus,candelariensis,1,27,2,275,274
297,Haplocanthosaurus,hap-lo-kan-tho-sore-us,simple-spined lizard,Dinosauria| Saurischia| Sauropodomorpha| Sauropoda| Eusauropoda| Neosauropoda| Macronaria| Camarasauromorpha| Camarasauridae| Haplocanthosaurus,priscus,4,2,2,276,49
298,Leaellynasaura,LEE-ELL-IN-a-SORE-a,Leaellyn's lizard,Dinosauria| Ornithischia| Genasauria| Cerapoda| Ornithopoda| Euornithopoda| Leaellynasaura,amicagraphica,5,28,2,277,225
299,Ligabuesaurus,lee-gah-boo-sore-us,[Dr Giancarlo] Ligabue lizard,Dinosauria| Saurischia| Sauropodomorpha| Sauropoda| Eusauropoda| Neosauropoda| Macronaria| Camarasauromorpha| Titanosauriformes| Titanosauria| Ligabuesaurus,leanzai,5,8,2,278,315
300,Lophorhothon,lof-oh-roh-thon,crested nose,Dinosauria| Ornithischia| Genasauria| Cerapoda| Ornithopoda| Euornithopoda| Iguanadontia| Euiguanadontia| Dryomorpha| Ankylopollexia| Iguanodontoidea| Hadrosauridae| Euhadrosauria| Hadrosaurinae| Lophorhothon,atopus,6,2,2,279,135
301,Mapusaurus,mah-puh-sore-us,Earth (Mapuche language,Dinosauria| Saurischia| Theropoda| Neotherapoda| Tetanurae| Avetherapoda| Carnosauria| Allosauroidea| Allosauridae| Charcharodontosauridae| Giganotosaurinae| Mapusaurus,roseae,6,8,1,280,316
302,Microceratops,mike-row-ker-ah-tops,tiny horned face; Aral lizard,Dinosauria| Ornithischia| Genasauria| Cerapoda| Marginocephalia| Ceratopsia| Neoceratopsia| Coronosauria| Microceratops,gobiensis,6,13,2,281,127
303,Mussaurus,moos-SORE-us,mouse lizard,Dinosauria| Saurischia| Sauropodomorpha| Prosauropoda| Plateosauria| Plateosauridae| Mussaurus,patagonicus,1,8,2,282,181
304,Noasaurus,noh-ah-sore-us,northwestern Argentina lizard,Dinosauria| Saurischia| Theropoda| Neotherapoda| Ceratosauria| Neoceratosauria| Abelisauroidea| Abelisauria| Noasaurus,leali,6,8,1,283,191
305,Paralititan,pa-ral-i-tie-tuhn,tidal giant,Dinosauria| Saurischia| Sauropodomorpha| Sauropoda| Eusauropoda| Neosauropoda| Macronaria| Camarasauromorpha| Titanosauriformes| Titanosauria| Lithostrotia| Paralititan,stromeri,6,45,2,284,295
306,Pelorosaurus,pel-oh-ROW-sore-us,monstrous lizard,Dinosauria| Saurischia| Sauropodomorpha| Sauropoda| Eusauropoda| Neosauropoda| Macronaria| Camarasauromorpha| Titanosauriformes| Pelorosaurus,conybearei,5,30,2,285,7
307,Quaesitosaurus,kwee-siet-oh-sore-us,extraordinary lizard,Dinosauria| Saurischia| Sauropodomorpha| Sauropoda| Eusauropoda| Neosauropoda| Diplodocoidea| Nemegtosauridae| Quaesitosaurus,orientalis,6,9,2,286,202
308,Rhoetosaurus,reet-oh-sore-us,Rhoetan lizard,Dinosauria| Saurischia| Sauropodomorpha| Sauropoda| Rhoetosaurus,brownei,3,28,2,287,96
309,Rinchenia,rin-chen-ee-ah,Rinchen,Dinosauria| Saurischia| Theropoda| Neotherapoda| Tetanurae| Avetherapoda| Coelurosauria| Tyrannoraptora| Maniraptoriformes| Maniraptora| Oviraptorosauria| Caenagnathoidea| Oviraptoridae| Oviraptorinae| Rinchenia,mongoliensis,6,,4,288,215
310,Seismosaurus,SIZE-moh-SORE-us,earth-shaking lizard,Dinosauria| Saurischia| Sauropodomorpha| Sauropoda| Eusauropoda| Neosauropoda| Diplodocoidea| Diplodocidae| Seismosaurus,hallorum,4,,2,289,233
311,Sinvenator,sien-oh-vee-nay-tor,Chinese hunter,Dinosauria| Saurischia| Theropoda| Neotherapoda| Tetanurae| Avetherapoda| Coelurosauria| Tyrannoraptora| Maniraptoriformes| Maniraptora| Paraves| Eumaniraptoria| Troodontidae| Sinvenator,changii,5,,1,290,298
312,Stenopelix,ste-nop-e-liks,narrow pelvis,Dinosauria| Ornithischia| Genasauria| Cerapoda| Marginocephalia| Pachycephalosauria| Stenopelix,valdensis,5,,2,291,10
313,Thecodontosaurus,theek-o-don-toh-sore-us,socket-toothed lizard,Dinosauria| Saurischia| Sauropodomorpha| Prosauropoda| Thecodontosaurus,antiquus,1,,4,292,6
314,Yinlong,yin-long,hidden dragon,Dinosauria| Ornithischia| Genasauria| Cerapoda| Marginocephalia| Ceratopsia| Yinlong,downsi,3,,2,293,319
315,Confuciusornis,kon-few-shus-or-niss,Confucius bird,Dinosauria| Saurischia| Theropoda| Neotherapoda| Tetanurae| Avetherapoda| Coelurosauria| Tyrannoraptora| Maniraptoriformes| Maniraptora| Paraves| Eumaniraptoria| Avialae| Ornithurae| Avibrevicauda| Pygostylia| Confuciusornithidae| Confuciusornis,sanctus,5,,1,294,250
316,Shanag,sha-nag,named after the dancers in the Buddhist Tsam festival,Dinosauria| Saurischia| Shanag,ashile,5,,1,295,322
317,Syntarsus ,sin-tar-sus,fused tarsus,Dinosauria| Saurischia| Theropoda| Neotherapoda| Ceratosauria| Coelophysoidea| Coelophysidae| Syntarsus,rhodesiensis,1,,1,296,146
318,Sinocalliopteryx,sie-no-kall-ee-op-ter-iks,Chinese beautiful feather,Dinosauria| Saurischia| Sinocalliopteryx,gigas,5,,1,297,323
319,Riojasaurus,ree-oh-hah-sore-us,[La] Rioja lizard,Dinosauria| Saurischia| Sauropodomorpha| Prosauropoda| Anchisauria| Melanorosauridae| Riojasaurus,incertus,1,,3,298,145
320,Liaoxiornis,lyow-shee-or-nis,Liaoxi bird,Dinosauria| Saurischia| Theropoda| Neotherapoda| Tetanurae| Avetherapoda| Coelurosauria| Tyrannoraptora| Maniraptoriformes| Maniraptora| Paraves| Eumaniraptoria| Avialae| Ornithurae| Avibrevicauda| Pygostylia| Ornithathoraces| Enantiornithes| Liaoxiornis,delicatus,5,,1,299,276
321,Lexovisaurus,Lex-oh-vee-sore-us,Lexovii lizard,Dinosauria| Ornithischia| Genasauria| Thyreophora| Stegosauria| Stegosauridae| Stegosaurinae| Lexovisaurus,durobrivensis,4,,2,300,132
322,Magyarosaurus,mod-yar-oh-sore-us,Magyar lizard,Dinosauria| Saurischia| Sauropodomorpha| Sauropoda| Eusauropoda| Neosauropoda| Macronaria| Camarasauromorpha| Titanosauriformes| Titanosauria| Lithostrotia| Magyarosaurus,dacus,6,,2,301,72
323,Arrhinoceratops,ay-rine-oh-ker-ah-tops,without-nose-horn face,Dinosauria| Ornithischia| Genasauria| Cerapoda| Marginocephalia| Ceratopsia| Neoceratopsia| Coronosauria| Ceratopsomorpha| Ceratopsidae| Chasmosaurinae| Arrhinoceratops,brachyops,6,,2,302,94
324,Wuerhosaurus,woo-uhr-huh-sore-us,Wuerho lizard,Dinosauria| Ornithischia| Genasauria| Thyreophora| Stegosauria| Stegosauridae| Stegosaurinae| Wuerhosaurus,homheni,5,,2,303,159
325,Chirostenotes,kie-ro-sten-oh-teez,narrow-handed,Dinosauria| Saurischia| Theropoda| Neotherapoda| Tetanurae| Avetherapoda| Coelurosauria| Tyrannoraptora| Maniraptoriformes| Maniraptora| Oviraptorosauria| Caenagnathoidea| Caenagnathidae| Chirostenotes,pergracilis,4,,4,304,88
326,Euhelopus,yoo-hel-oh-pus,true marsh foot,Dinosauria| Saurischia| Sauropodomorpha| Sauropoda| Eusauropoda| Euhelopus,zdanskyi,4,,2,305,101
327,Neuquenosaurus,nayoo-ken-oh-sore-us,Neuquén lizard,Dinosauria| Saurischia| Sauropodomorpha| Sauropoda| Eusauropoda| Neosauropoda| Macronaria| Camarasauromorpha| Titanosauriformes| Titanosauria| Lithostrotia| Saltasauridae| Neuquenosaurus,australis,6,,2,306,41
328,Tsintaosaurus,ching-dow-sore-us,Qingdao lizard,Dinosauria| Ornithischia| Genasauria| Cerapoda| Ornithopoda| Euornithopoda| Iguanadontia| Euiguanadontia| Dryomorpha| Ankylopollexia| Iguanodontoidea| Hadrosauridae| Euhadrosauria| Lambeosaurinae| Tsintaosaurus,spinorhinus,6,,2,307,133
329,Pelicanimimus,pel-e-kan-i-mim-us,pelican mimic,Dinosauria| Saurischia| Theropoda| Neotherapoda| Tetanurae| Avetherapoda| Coelurosauria| Tyrannoraptora| Maniraptoriformes| Ornithomimosauria| Pelicanimimus,polyodon,5,,1,308,245
330,Supersaurus,sue-per-sore-us,super lizard,Dinosauria| Saurischia| Sauropodomorpha| Sauropoda| Eusauropoda| Neosauropoda| Diplodocoidea| Diplodocidae| Supersaurus,vivianae,5,,2,309,211
331,Nanshiungosaurus,nahn-shyung-oh-sore-us,Nanxiong lizard,Dinosauria| Saurischia| Theropoda| Neotherapoda| Tetanurae| Avetherapoda| Coelurosauria| Tyrannoraptora| Maniraptoriformes| Maniraptora| Therizinosauroidea| Therizinosauridae| Nanshiungosaurus,brevispinus,6,,4,310,182